date,crude_oil_usd,natural_gas_usd,usd_inr,coal_price_proxy
2021-01-01,47.619998931884766,2.5810000896453857,73.205,85.72
2021-01-02,47.619998931884766,2.5810000896453857,73.205,85.72
2021-01-03,47.619998931884766,2.5810000896453857,73.205,85.72
2021-01-04,47.619998931884766,2.5810000896453857,73.205,85.72
2021-01-05,49.93000030517578,2.70199990272522,73.205,89.87
2021-01-06,50.630001068115234,2.7160000801086426,73.205,91.13
2021-01-07,50.83000183105469,2.7290000915527344,73.205,91.49
2021-01-08,52.2400016784668,2.700000047683716,73.205,94.03
2021-01-09,52.2400016784668,2.700000047683716,73.205,94.03
2021-01-10,52.2400016784668,2.700000047683716,73.205,94.03
2021-01-11,52.25,2.746999979019165,73.228,94.05
2021-01-12,53.209999084472656,2.753000020980835,73.228,95.78
2021-01-13,52.90999984741211,2.726999998092652,73.228,95.24
2021-01-14,53.56999969482422,2.66599988937378,73.228,96.43
2021-01-15,52.36000061035156,2.736999988555908,73.228,94.25
2021-01-16,52.36000061035156,2.736999988555908,73.228,94.25
2021-01-17,52.36000061035156,2.736999988555908,73.228,94.25
2021-01-18,52.36000061035156,2.736999988555908,73.092,94.25
2021-01-19,52.97999954223633,2.5460000038146973,73.092,95.36
2021-01-20,53.2400016784668,2.5390000343322754,73.092,95.83
2021-01-21,53.130001068115234,2.490999937057495,73.092,95.63
2021-01-22,52.27000045776367,2.446000099182129,73.092,94.09
2021-01-23,52.27000045776367,2.446000099182129,73.092,94.09
2021-01-24,52.27000045776367,2.446000099182129,73.092,94.09
2021-01-25,52.77000045776367,2.601999998092652,72.961,94.99
2021-01-26,52.61000061035156,2.6559998989105225,72.961,94.7
2021-01-27,52.84999847412109,2.759999990463257,72.961,95.13
2021-01-28,52.34000015258789,2.6640000343322754,72.961,94.21
2021-01-29,52.20000076293945,2.563999891281128,72.961,93.96
2021-01-30,52.20000076293945,2.563999891281128,72.961,93.96
2021-01-31,52.20000076293945,2.563999891281128,72.961,93.96
2021-02-01,53.54999923706055,2.8499999046325684,72.956,96.39
2021-02-02,54.7599983215332,2.845000028610229,72.956,98.57
2021-02-03,55.68999862670898,2.7890000343322754,72.956,100.24
2021-02-04,56.22999954223633,2.934999942779541,72.956,101.21
2021-02-05,56.84999847412109,2.86299991607666,72.956,102.33
2021-02-06,56.84999847412109,2.86299991607666,72.956,102.33
2021-02-07,56.84999847412109,2.86299991607666,72.956,102.33
2021-02-08,57.970001220703125,2.881999969482422,72.814,104.35
2021-02-09,58.36000061035156,2.8350000381469727,72.814,105.05
2021-02-10,58.68000030517578,2.9110000133514404,72.814,105.62
2021-02-11,58.2400016784668,2.868000030517578,72.814,104.83
2021-02-12,59.470001220703125,2.9119999408721924,72.814,107.05
2021-02-13,59.470001220703125,2.9119999408721924,72.814,107.05
2021-02-14,59.470001220703125,2.9119999408721924,72.814,107.05
2021-02-15,59.470001220703125,2.9119999408721924,72.653,107.05
2021-02-16,60.04999923706055,3.128999948501587,72.653,108.09
2021-02-17,61.13999938964844,3.219000101089477,72.653,110.05
2021-02-18,60.52000045776367,3.0820000171661377,72.653,108.94
2021-02-19,59.2400016784668,3.069000005722046,72.653,106.63
2021-02-20,59.2400016784668,3.069000005722046,72.653,106.63
2021-02-21,59.2400016784668,3.069000005722046,72.653,106.63
2021-02-22,61.4900016784668,2.953000068664551,72.783,110.68
2021-02-23,61.66999816894531,2.878999948501587,72.783,111.01
2021-02-24,63.220001220703125,2.8540000915527344,72.783,113.8
2021-02-25,63.52999877929688,2.7769999504089355,72.783,114.35
2021-02-26,61.5,2.7709999084472656,72.783,110.7
2021-02-27,61.5,2.7709999084472656,72.783,110.7
2021-02-28,61.5,2.7709999084472656,72.783,110.7
2021-03-01,60.63999938964844,2.7769999504089355,73.12,109.15
2021-03-02,59.75,2.83899998664856,73.12,107.55
2021-03-03,61.27999877929688,2.815999984741211,73.12,110.3
2021-03-04,63.83000183105469,2.746000051498413,73.12,114.89
2021-03-05,66.08999633789062,2.700999975204468,73.12,118.96
2021-03-06,66.08999633789062,2.700999975204468,73.12,118.96
2021-03-07,66.08999633789062,2.700999975204468,73.12,118.96
2021-03-08,65.05000305175781,2.6640000343322754,72.924,117.09
2021-03-09,64.01000213623047,2.6619999408721924,72.924,115.22
2021-03-10,64.44000244140625,2.691999912261963,72.924,115.99
2021-03-11,66.0199966430664,2.6679999828338623,72.924,118.84
2021-03-12,65.61000061035156,2.5999999046325684,72.924,118.1
2021-03-13,65.61000061035156,2.5999999046325684,72.924,118.1
2021-03-14,65.61000061035156,2.5999999046325684,72.924,118.1
2021-03-15,65.38999938964844,2.483999967575073,72.58,117.7
2021-03-16,64.80000305175781,2.562000036239624,72.58,116.64
2021-03-17,64.5999984741211,2.5280001163482666,72.58,116.28
2021-03-18,60.0,2.4809999465942383,72.58,108.0
2021-03-19,61.41999816894531,2.5350000858306885,72.58,110.56
2021-03-20,61.41999816894531,2.5350000858306885,72.58,110.56
2021-03-21,61.41999816894531,2.5350000858306885,72.58,110.56
2021-03-22,61.54999923706055,2.5820000171661377,72.526,110.79
2021-03-23,57.7599983215332,2.507999897003174,72.526,103.97
2021-03-24,61.18000030517578,2.5179998874664307,72.526,110.12
2021-03-25,58.560001373291016,2.569999933242798,72.526,105.41
2021-03-26,60.970001220703125,2.556999921798706,72.526,109.75
2021-03-27,60.970001220703125,2.556999921798706,72.526,109.75
2021-03-28,60.970001220703125,2.556999921798706,72.526,109.75
2021-03-29,61.560001373291016,2.5859999656677246,73.155,110.81
2021-03-30,60.54999923706055,2.622999906539917,73.155,108.99
2021-03-31,59.15999984741211,2.6080000400543213,73.155,106.49
2021-04-01,61.45000076293945,2.638999938964844,73.155,110.61
2021-04-02,61.45000076293945,2.638999938964844,73.155,110.61
2021-04-03,61.45000076293945,2.638999938964844,73.155,110.61
2021-04-04,61.45000076293945,2.638999938964844,73.155,110.61
2021-04-05,58.650001525878906,2.510999917984009,74.275,105.57
2021-04-06,59.33000183105469,2.4560000896453857,74.275,106.79
2021-04-07,59.77000045776367,2.5199999809265137,74.275,107.59
2021-04-08,59.59999847412109,2.5220000743865967,74.275,107.28
2021-04-09,59.31999969482422,2.526000022888184,74.275,106.78
2021-04-10,59.31999969482422,2.526000022888184,74.275,106.78
2021-04-11,59.31999969482422,2.526000022888184,74.275,106.78
2021-04-12,59.70000076293945,2.561000108718872,75.0,107.46
2021-04-13,60.18000030517578,2.61899995803833,75.0,108.32
2021-04-14,63.150001525878906,2.618000030517578,75.0,113.67
2021-04-15,63.459999084472656,2.657999992370605,75.0,114.23
2021-04-16,63.130001068115234,2.680000066757202,75.0,113.63
2021-04-17,63.130001068115234,2.680000066757202,75.0,113.63
2021-04-18,63.130001068115234,2.680000066757202,75.0,113.63
2021-04-19,63.380001068115234,2.749000072479248,75.093,114.08
2021-04-20,62.43999862670898,2.726999998092652,75.093,112.39
2021-04-21,61.34999847412109,2.691999912261963,75.093,110.43
2021-04-22,61.43000030517578,2.749000072479248,75.093,110.57
2021-04-23,62.13999938964844,2.7300000190734863,75.093,111.85
2021-04-24,62.13999938964844,2.7300000190734863,75.093,111.85
2021-04-25,62.13999938964844,2.7300000190734863,75.093,111.85
2021-04-26,61.90999984741211,2.789999961853028,74.394,111.44
2021-04-27,62.93999862670898,2.872999906539917,74.394,113.29
2021-04-28,63.86000061035156,2.924999952316284,74.394,114.95
2021-04-29,65.01000213623047,2.9110000133514404,74.394,117.02
2021-04-30,63.58000183105469,2.930999994277954,74.394,114.44
2021-05-01,63.58000183105469,2.930999994277954,74.394,114.44
2021-05-02,63.58000183105469,2.930999994277954,74.394,114.44
2021-05-03,64.48999786376953,2.9660000801086426,73.783,116.08
2021-05-04,65.69000244140625,2.9670000076293945,73.783,118.24
2021-05-05,65.62999725341797,2.937999963760376,73.783,118.13
2021-05-06,64.70999908447266,2.927999973297119,73.783,116.48
2021-05-07,64.9000015258789,2.9579999446868896,73.783,116.82
2021-05-08,64.9000015258789,2.9579999446868896,73.783,116.82
2021-05-09,64.9000015258789,2.9579999446868896,73.783,116.82
2021-05-10,64.91999816894531,2.931999921798706,73.393,116.86
2021-05-11,65.27999877929688,2.9549999237060547,73.393,117.5
2021-05-12,66.08000183105469,2.969000101089477,73.393,118.94
2021-05-13,63.81999969482422,2.9730000495910645,73.393,114.88
2021-05-14,65.37000274658203,2.9609999656677246,73.393,117.67
2021-05-15,65.37000274658203,2.9609999656677246,73.393,117.67
2021-05-16,65.37000274658203,2.9609999656677246,73.393,117.67
2021-05-17,66.2699966430664,3.108999967575073,73.077,119.29
2021-05-18,65.48999786376953,3.01200008392334,73.077,117.88
2021-05-19,63.36000061035156,2.96399998664856,73.077,114.05
2021-05-20,62.04999923706055,2.924999952316284,73.077,111.69
2021-05-21,63.58000183105469,2.9059998989105225,73.077,114.44
2021-05-22,63.58000183105469,2.9059998989105225,73.077,114.44
2021-05-23,63.58000183105469,2.9059998989105225,73.077,114.44
2021-05-24,66.05000305175781,2.885999917984009,72.717,118.89
2021-05-25,66.06999969482422,2.9130001068115234,72.717,118.93
2021-05-26,66.20999908447266,2.983999967575073,72.717,119.18
2021-05-27,66.8499984741211,2.9579999446868896,72.717,120.33
2021-05-28,66.31999969482422,2.986000061035156,72.717,119.38
2021-05-29,66.31999969482422,2.986000061035156,72.717,119.38
2021-05-30,66.31999969482422,2.986000061035156,72.717,119.38
2021-05-31,66.31999969482422,2.986000061035156,72.905,119.38
2021-06-01,67.72000122070312,3.1040000915527344,72.905,121.9
2021-06-02,68.83000183105469,3.075000047683716,72.905,123.89
2021-06-03,68.80999755859375,3.04099988937378,72.905,123.86
2021-06-04,69.62000274658203,3.0969998836517334,72.905,125.32
2021-06-05,69.62000274658203,3.0969998836517334,72.905,125.32
2021-06-06,69.62000274658203,3.0969998836517334,72.905,125.32
2021-06-07,69.2300033569336,3.069999933242798,72.962,124.61
2021-06-08,70.05000305175781,3.128000020980835,72.962,126.09
2021-06-09,69.95999908447266,3.128999948501587,72.962,125.93
2021-06-10,70.29000091552734,3.1489999294281006,72.962,126.52
2021-06-11,70.91000366210938,3.2960000038146973,72.962,127.64
2021-06-12,70.91000366210938,3.2960000038146973,72.962,127.64
2021-06-13,70.91000366210938,3.2960000038146973,72.962,127.64
2021-06-14,70.87999725341797,3.351999998092652,73.596,127.58
2021-06-15,72.12000274658203,3.240000009536743,73.596,129.82
2021-06-16,72.1500015258789,3.250999927520752,73.596,129.87
2021-06-17,71.04000091552734,3.253000020980835,73.596,127.87
2021-06-18,71.63999938964844,3.2149999141693115,73.596,128.95
2021-06-19,71.63999938964844,3.2149999141693115,73.596,128.95
2021-06-20,71.63999938964844,3.2149999141693115,73.596,128.95
2021-06-21,73.66000366210938,3.190999984741211,74.203,132.59
2021-06-22,73.05999755859375,3.257999897003174,74.203,131.51
2021-06-23,73.08000183105469,3.3329999446868896,74.203,131.54
2021-06-24,73.30000305175781,3.4179999828338623,74.203,131.94
2021-06-25,74.05000305175781,3.496000051498413,74.203,133.29
2021-06-26,74.05000305175781,3.496000051498413,74.203,133.29
2021-06-27,74.05000305175781,3.496000051498413,74.203,133.29
2021-06-28,72.91000366210938,3.617000102996826,74.423,131.24
2021-06-29,72.9800033569336,3.630000114440918,74.423,131.36
2021-06-30,73.47000122070312,3.650000095367432,74.423,132.25
2021-07-01,75.2300033569336,3.66100001335144,74.423,135.41
2021-07-02,75.16000366210938,3.700000047683716,74.423,135.29
2021-07-03,75.16000366210938,3.700000047683716,74.423,135.29
2021-07-04,75.16000366210938,3.700000047683716,74.423,135.29
2021-07-05,75.16000366210938,3.700000047683716,74.565,135.29
2021-07-06,73.37000274658203,3.63700008392334,74.565,132.07
2021-07-07,72.19999694824219,3.595999956130981,74.565,129.96
2021-07-08,72.94000244140625,3.687999963760376,74.565,131.29
2021-07-09,74.55999755859375,3.674000024795532,74.565,134.21
2021-07-10,74.55999755859375,3.674000024795532,74.565,134.21
2021-07-11,74.55999755859375,3.674000024795532,74.565,134.21
2021-07-12,74.0999984741211,3.749000072479248,74.552,133.38
2021-07-13,75.25,3.696000099182129,74.552,135.45
2021-07-14,73.12999725341797,3.660000085830689,74.552,131.63
2021-07-15,71.6500015258789,3.614000082015991,74.552,128.97
2021-07-16,71.80999755859375,3.674000024795532,74.552,129.26
2021-07-17,71.80999755859375,3.674000024795532,74.552,129.26
2021-07-18,71.80999755859375,3.674000024795532,74.552,129.26
2021-07-19,66.41999816894531,3.7790000438690186,74.624,119.56
2021-07-20,67.41999816894531,3.875999927520752,74.624,121.36
2021-07-21,70.30000305175781,3.9590001106262207,74.624,126.54
2021-07-22,71.91000366210938,4.002999782562256,74.624,129.44
2021-07-23,72.06999969482422,4.059999942779541,74.624,129.73
2021-07-24,72.06999969482422,4.059999942779541,74.624,129.73
2021-07-25,72.06999969482422,4.059999942779541,74.624,129.73
2021-07-26,71.91000366210938,4.102000236511231,74.37,129.44
2021-07-27,71.6500015258789,3.970999956130981,74.37,128.97
2021-07-28,72.38999938964844,4.044000148773193,74.37,130.3
2021-07-29,73.62000274658203,4.059000015258789,74.37,132.52
2021-07-30,73.94999694824219,3.9140000343322754,74.37,133.11
2021-07-31,73.94999694824219,3.9140000343322754,74.37,133.11
2021-08-01,73.94999694824219,3.9140000343322754,74.37,133.11
2021-08-02,71.26000213623047,3.934999942779541,74.195,128.27
2021-08-03,70.55999755859375,4.026999950408936,74.195,127.01
2021-08-04,68.1500015258789,4.1579999923706055,74.195,122.67
2021-08-05,69.08999633789062,4.139999866485596,74.195,124.36
2021-08-06,68.27999877929688,4.139999866485596,74.195,122.9
2021-08-07,68.27999877929688,4.139999866485596,74.195,122.9
2021-08-08,68.27999877929688,4.139999866485596,74.195,122.9
2021-08-09,66.4800033569336,4.059999942779541,74.295,119.66
2021-08-10,68.29000091552734,4.089000225067139,74.295,122.92
2021-08-11,69.25,4.059000015258789,74.295,124.65
2021-08-12,69.08999633789062,3.933000087738037,74.295,124.36
2021-08-13,68.44000244140625,3.861000061035156,74.295,123.19
2021-08-14,68.44000244140625,3.861000061035156,74.295,123.19
2021-08-15,68.44000244140625,3.861000061035156,74.295,123.19
2021-08-16,67.29000091552734,3.946000099182129,74.305,121.12
2021-08-17,66.58999633789062,3.836999893188477,74.305,119.86
2021-08-18,65.45999908447266,3.8519999980926514,74.305,117.83
2021-08-19,63.68999862670898,3.829999923706055,74.305,114.64
2021-08-20,62.31999969482422,3.8510000705718994,74.305,112.18
2021-08-21,62.31999969482422,3.8510000705718994,74.305,112.18
2021-08-22,62.31999969482422,3.8510000705718994,74.305,112.18
2021-08-23,65.63999938964844,3.944999933242798,74.089,118.15
2021-08-24,67.54000091552734,3.8959999084472656,74.089,121.57
2021-08-25,68.36000061035156,3.8970000743865967,74.089,123.05
2021-08-26,67.41999816894531,4.184000015258789,74.089,121.36
2021-08-27,68.73999786376953,4.369999885559082,74.089,123.73
2021-08-28,68.73999786376953,4.369999885559082,74.089,123.73
2021-08-29,68.73999786376953,4.369999885559082,74.089,123.73
2021-08-30,69.20999908447266,4.304999828338623,73.086,124.58
2021-08-31,68.5,4.376999855041504,73.086,123.3
2021-09-01,68.58999633789062,4.614999771118164,73.086,123.46
2021-09-02,69.98999786376953,4.640999794006348,73.086,125.98
2021-09-03,69.29000091552734,4.711999893188477,73.086,124.72
2021-09-04,69.29000091552734,4.711999893188477,73.086,124.72
2021-09-05,69.29000091552734,4.711999893188477,73.086,124.72
2021-09-06,69.29000091552734,4.711999893188477,73.426,124.72
2021-09-07,68.3499984741211,4.567999839782715,73.426,123.03
2021-09-08,69.30000305175781,4.914000034332275,73.426,124.74
2021-09-09,68.13999938964844,5.031000137329102,73.426,122.65
2021-09-10,69.72000122070312,4.938000202178955,73.426,125.5
2021-09-11,69.72000122070312,4.938000202178955,73.426,125.5
2021-09-12,69.72000122070312,4.938000202178955,73.426,125.5
2021-09-13,70.44999694824219,5.230999946594238,73.567,126.81
2021-09-14,70.45999908447266,5.260000228881836,73.567,126.83
2021-09-15,72.61000061035156,5.460000038146973,73.567,130.7
2021-09-16,72.61000061035156,5.335000038146973,73.567,130.7
2021-09-17,71.97000122070312,5.105000019073486,73.567,129.55
2021-09-18,71.97000122070312,5.105000019073486,73.567,129.55
2021-09-19,71.97000122070312,5.105000019073486,73.567,129.55
2021-09-20,70.29000091552734,4.985000133514404,73.742,126.52
2021-09-21,70.55999755859375,4.804999828338623,73.742,127.01
2021-09-22,72.2300033569336,4.804999828338623,73.742,130.01
2021-09-23,73.30000305175781,4.97599983215332,73.742,131.94
2021-09-24,73.9800033569336,5.139999866485596,73.742,133.16
2021-09-25,73.9800033569336,5.139999866485596,73.742,133.16
2021-09-26,73.9800033569336,5.139999866485596,73.742,133.16
2021-09-27,75.44999694824219,5.705999851226807,74.128,135.81
2021-09-28,75.29000091552734,5.841000080108643,74.128,135.52
2021-09-29,74.83000183105469,5.477000236511231,74.128,134.69
2021-09-30,75.02999877929688,5.867000102996826,74.128,135.05
2021-10-01,75.87999725341797,5.61899995803833,74.128,136.58
2021-10-02,75.87999725341797,5.61899995803833,74.128,136.58
2021-10-03,75.87999725341797,5.61899995803833,74.128,136.58
2021-10-04,77.62000274658203,5.765999794006348,74.685,139.72
2021-10-05,78.93000030517578,6.311999797821045,74.685,142.07
2021-10-06,77.43000030517578,5.675000190734863,74.685,139.37
2021-10-07,78.30000305175781,5.677000045776367,74.685,140.94
2021-10-08,79.3499984741211,5.565000057220459,74.685,142.83
2021-10-09,79.3499984741211,5.565000057220459,74.685,142.83
2021-10-10,79.3499984741211,5.565000057220459,74.685,142.83
2021-10-11,80.5199966430664,5.34499979019165,75.309,144.94
2021-10-12,80.63999938964844,5.505000114440918,75.309,145.15
2021-10-13,80.44000244140625,5.590000152587891,75.309,144.79
2021-10-14,81.30999755859375,5.686999797821045,75.309,146.36
2021-10-15,82.27999877929688,5.409999847412109,75.309,148.1
2021-10-16,82.27999877929688,5.409999847412109,75.309,148.1
2021-10-17,82.27999877929688,5.409999847412109,75.309,148.1
2021-10-18,82.44000244140625,4.988999843597412,75.004,148.39
2021-10-19,82.95999908447266,5.0879998207092285,75.004,149.33
2021-10-20,83.87000274658203,5.170000076293945,75.004,150.97
2021-10-21,82.5,5.114999771118164,75.004,148.5
2021-10-22,83.76000213623047,5.28000020980835,75.004,150.77
2021-10-23,83.76000213623047,5.28000020980835,75.004,150.77
2021-10-24,83.76000213623047,5.28000020980835,75.004,150.77
2021-10-25,83.76000213623047,5.8979997634887695,74.989,150.77
2021-10-26,84.6500015258789,5.881999969482422,74.989,152.37
2021-10-27,82.66000366210938,6.202000141143799,74.989,148.79
2021-10-28,82.80999755859375,5.7820000648498535,74.989,149.06
2021-10-29,83.56999969482422,5.426000118255615,74.989,150.43
2021-10-30,83.56999969482422,5.426000118255615,74.989,150.43
2021-10-31,83.56999969482422,5.426000118255615,74.989,150.43
2021-11-01,84.05000305175781,5.185999870300293,74.544,151.29
2021-11-02,83.91000366210938,5.541999816894531,74.544,151.04
2021-11-03,80.86000061035156,5.670000076293945,74.544,145.55
2021-11-04,78.80999755859375,5.716000080108643,74.544,141.86
2021-11-05,81.2699966430664,5.515999794006348,74.544,146.29
2021-11-06,81.2699966430664,5.515999794006348,74.544,146.29
2021-11-07,81.2699966430664,5.515999794006348,74.544,146.29
2021-11-08,81.93000030517578,5.427000045776367,74.28,147.47
2021-11-09,84.1500015258789,4.979000091552734,74.28,151.47
2021-11-10,81.33999633789062,4.880000114440918,74.28,146.41
2021-11-11,81.58999633789062,5.14900016784668,74.28,146.86
2021-11-12,80.79000091552734,4.790999889373779,74.28,145.42
2021-11-13,80.79000091552734,4.790999889373779,74.28,145.42
2021-11-14,80.79000091552734,4.790999889373779,74.28,145.42
2021-11-15,80.87999725341797,5.017000198364258,74.297,145.58
2021-11-16,80.76000213623047,5.177000045776367,74.297,145.37
2021-11-17,78.36000061035156,4.815999984741211,74.297,141.05
2021-11-18,79.01000213623047,4.901999950408936,74.297,142.22
2021-11-19,76.0999984741211,5.065000057220459,74.297,136.98
2021-11-20,76.0999984741211,5.065000057220459,74.297,136.98
2021-11-21,76.0999984741211,5.065000057220459,74.297,136.98
2021-11-22,76.75,4.789000034332275,74.536,138.15
2021-11-23,78.5,4.9670000076293945,74.536,141.3
2021-11-24,78.38999938964844,5.067999839782715,74.536,141.1
2021-11-25,78.38999938964844,5.067999839782715,74.536,141.1
2021-11-26,68.1500015258789,5.447000026702881,74.536,122.67
2021-11-27,68.1500015258789,5.447000026702881,74.536,122.67
2021-11-28,68.1500015258789,5.447000026702881,74.536,122.67
2021-11-29,69.94999694824219,4.854000091552734,75.046,125.91
2021-11-30,66.18000030517578,4.566999912261963,75.046,119.12
2021-12-01,65.56999969482422,4.257999897003174,75.046,118.03
2021-12-02,66.5,4.056000232696533,75.046,119.7
2021-12-03,66.26000213623047,4.131999969482422,75.046,119.27
2021-12-04,66.26000213623047,4.131999969482422,75.046,119.27
2021-12-05,66.26000213623047,4.131999969482422,75.046,119.27
2021-12-06,69.48999786376953,3.6570000648498535,75.507,125.08
2021-12-07,72.05000305175781,3.7079999446868896,75.507,129.69
2021-12-08,72.36000061035156,3.815000057220459,75.507,130.25
2021-12-09,70.94000244140625,3.813999891281128,75.507,127.69
2021-12-10,71.66999816894531,3.924999952316284,75.507,129.01
2021-12-11,71.66999816894531,3.924999952316284,75.507,129.01
2021-12-12,71.66999816894531,3.924999952316284,75.507,129.01
2021-12-13,71.29000091552734,3.7939999103546143,76.051,128.32
2021-12-14,70.7300033569336,3.746999979019165,76.051,127.31
2021-12-15,70.87000274658203,3.802000045776367,76.051,127.57
2021-12-16,72.37999725341797,3.766000032424927,76.051,130.28
2021-12-17,70.86000061035156,3.690000057220459,76.051,127.55
2021-12-18,70.86000061035156,3.690000057220459,76.051,127.55
2021-12-19,70.86000061035156,3.690000057220459,76.051,127.55
2021-12-20,68.2300033569336,3.8340001106262207,75.449,122.81
2021-12-21,71.12000274658203,3.86899995803833,75.449,128.02
2021-12-22,72.76000213623047,3.9760000705718994,75.449,130.97
2021-12-23,73.79000091552734,3.7309999465942383,75.449,132.82
2021-12-24,73.79000091552734,3.7309999465942383,75.449,132.82
2021-12-25,73.79000091552734,3.7309999465942383,75.449,132.82
2021-12-26,73.79000091552734,3.7309999465942383,75.449,132.82
2021-12-27,75.56999969482422,4.059999942779541,74.605,136.03
2021-12-28,75.9800033569336,4.054999828338623,74.605,136.76
2021-12-29,76.55999755859375,4.02400016784668,74.605,137.81
2021-12-30,76.98999786376953,3.561000108718872,74.605,138.58
2021-12-31,75.20999908447266,3.7300000190734863,74.605,135.38
2022-01-01,75.20999908447266,3.7300000190734863,74.605,135.38
2022-01-02,75.20999908447266,3.7300000190734863,74.605,135.38
2022-01-03,76.08000183105469,3.815000057220459,74.428,136.94
2022-01-04,76.98999786376953,3.7170000076293945,74.428,138.58
2022-01-05,77.8499984741211,3.881999969482422,74.428,140.13
2022-01-06,79.45999908447266,3.812000036239624,74.428,143.03
2022-01-07,78.9000015258789,3.9159998893737793,74.428,142.02
2022-01-08,78.9000015258789,3.9159998893737793,74.428,142.02
2022-01-09,78.9000015258789,3.9159998893737793,74.428,142.02
2022-01-10,78.2300033569336,4.078999996185303,73.988,140.81
2022-01-11,81.22000122070312,4.249000072479248,73.988,146.2
2022-01-12,82.63999938964844,4.85699987411499,73.988,148.75
2022-01-13,82.12000274658203,4.269999980926514,73.988,147.82
2022-01-14,83.81999969482422,4.26200008392334,73.988,150.88
2022-01-15,83.81999969482422,4.26200008392334,73.988,150.88
2022-01-16,83.81999969482422,4.26200008392334,73.988,150.88
2022-01-17,83.81999969482422,4.26200008392334,74.428,150.88
2022-01-18,85.43000030517578,4.2829999923706055,74.428,153.77
2022-01-19,86.95999908447266,4.031000137329102,74.428,156.53
2022-01-20,86.9000015258789,3.802000045776367,74.428,156.42
2022-01-21,85.13999938964844,3.999000072479248,74.428,153.25
2022-01-22,85.13999938964844,3.999000072479248,74.428,153.25
2022-01-23,85.13999938964844,3.999000072479248,74.428,153.25
2022-01-24,83.30999755859375,4.026999950408936,74.886,149.96
2022-01-25,85.5999984741211,4.052999973297119,74.886,154.08
2022-01-26,87.3499984741211,4.276999950408936,74.886,157.23
2022-01-27,86.61000061035156,6.264999866485596,74.886,155.9
2022-01-28,86.81999969482422,4.638999938964844,74.886,156.28
2022-01-29,86.81999969482422,4.638999938964844,74.886,156.28
2022-01-30,86.81999969482422,4.638999938964844,74.886,156.28
2022-01-31,88.1500015258789,4.874000072479248,74.765,158.67
2022-02-01,88.19999694824219,4.750999927520752,74.765,158.76
2022-02-02,88.26000213623047,5.500999927520752,74.765,158.87
2022-02-03,90.2699966430664,4.888000011444092,74.765,162.49
2022-02-04,92.30999755859376,4.572000026702881,74.765,166.16
2022-02-05,92.30999755859376,4.572000026702881,74.765,166.16
2022-02-06,92.30999755859376,4.572000026702881,74.765,166.16
2022-02-07,91.31999969482422,4.23199987411499,74.923,164.38
2022-02-08,89.36000061035156,4.248000144958496,74.923,160.85
2022-02-09,89.66000366210938,4.008999824523926,74.923,161.39
2022-02-10,89.87999725341797,3.9590001106262207,74.923,161.78
2022-02-11,93.0999984741211,3.940999984741211,74.923,167.58
2022-02-12,93.0999984741211,3.940999984741211,74.923,167.58
2022-02-13,93.0999984741211,3.940999984741211,74.923,167.58
2022-02-14,95.45999908447266,4.195000171661377,75.104,171.83
2022-02-15,92.06999969482422,4.306000232696533,75.104,165.73
2022-02-16,93.66000366210938,4.7170000076293945,75.104,168.59
2022-02-17,91.76000213623048,4.486000061035156,75.104,165.17
2022-02-18,91.06999969482422,4.431000232696533,75.104,163.93
2022-02-19,91.06999969482422,4.431000232696533,75.104,163.93
2022-02-20,91.06999969482422,4.431000232696533,75.104,163.93
2022-02-21,91.06999969482422,4.431000232696533,74.94,163.93
2022-02-22,92.3499984741211,4.498000144958496,74.94,166.23
2022-02-23,92.0999984741211,4.623000144958496,74.94,165.78
2022-02-24,92.80999755859376,4.567999839782715,74.94,167.06
2022-02-25,91.58999633789062,4.46999979019165,74.94,164.86
2022-02-26,91.58999633789062,4.46999979019165,74.94,164.86
2022-02-27,91.58999633789062,4.46999979019165,74.94,164.86
2022-02-28,95.72000122070312,4.401999950408936,75.87,172.3
2022-03-01,103.41000366210938,4.572999954223633,75.87,186.14
2022-03-02,110.5999984741211,4.76200008392334,75.87,199.08
2022-03-03,107.66999816894533,4.7220001220703125,75.87,193.81
2022-03-04,115.68000030517578,5.015999794006348,75.87,208.22
2022-03-05,115.68000030517578,5.015999794006348,75.87,208.22
2022-03-06,115.68000030517578,5.015999794006348,75.87,208.22
2022-03-07,119.4000015258789,4.833000183105469,76.666,214.92
2022-03-08,123.6999969482422,4.526999950408936,76.666,222.66
2022-03-09,108.6999969482422,4.526000022888184,76.666,195.66
2022-03-10,106.0199966430664,4.63100004196167,76.666,190.84
2022-03-11,109.33000183105467,4.724999904632568,76.666,196.79
2022-03-12,109.33000183105467,4.724999904632568,76.666,196.79
2022-03-13,109.33000183105467,4.724999904632568,76.666,196.79
2022-03-14,103.01000213623048,4.6579999923706055,76.229,185.42
2022-03-15,96.44000244140624,4.567999839782715,76.229,173.59
2022-03-16,95.04000091552734,4.748000144958496,76.229,171.07
2022-03-17,102.9800033569336,4.989999771118164,76.229,185.36
2022-03-18,104.6999969482422,4.86299991607666,76.229,188.46
2022-03-19,104.6999969482422,4.86299991607666,76.229,188.46
2022-03-20,104.6999969482422,4.86299991607666,76.229,188.46
2022-03-21,112.12000274658205,4.900000095367432,76.284,201.82
2022-03-22,111.76000213623048,5.186999797821045,76.284,201.17
2022-03-23,114.93000030517578,5.23199987411499,76.284,206.87
2022-03-24,112.33999633789062,5.401000022888184,76.284,202.21
2022-03-25,113.9000015258789,5.571000099182129,76.284,205.02
2022-03-26,113.9000015258789,5.571000099182129,76.284,205.02
2022-03-27,113.9000015258789,5.571000099182129,76.284,205.02
2022-03-28,105.95999908447266,5.507999897003174,75.899,190.73
2022-03-29,104.23999786376952,5.335999965667725,75.899,187.63
2022-03-30,107.81999969482422,5.605000019073486,75.899,194.08
2022-03-31,100.27999877929688,5.642000198364258,75.899,180.5
2022-04-01,99.2699966430664,5.71999979019165,75.899,178.69
2022-04-02,99.2699966430664,5.71999979019165,75.899,178.69
2022-04-03,99.2699966430664,5.71999979019165,75.899,178.69
2022-04-04,103.27999877929688,5.711999893188477,75.711,185.9
2022-04-05,101.95999908447266,6.0320000648498535,75.711,183.53
2022-04-06,96.2300033569336,6.02899980545044,75.711,173.21
2022-04-07,96.02999877929688,6.359000205993652,75.711,172.85
2022-04-08,98.26000213623048,6.277999877929688,75.711,176.87
2022-04-09,98.26000213623048,6.277999877929688,75.711,176.87
2022-04-10,98.26000213623048,6.277999877929688,75.711,176.87
2022-04-11,94.29000091552734,6.64300012588501,76.091,169.72
2022-04-12,100.5999984741211,6.679999828338623,76.091,181.08
2022-04-13,104.25,6.997000217437744,76.091,187.65
2022-04-14,106.9499969482422,7.300000190734863,76.091,192.51
2022-04-15,106.9499969482422,7.300000190734863,76.091,192.51
2022-04-16,106.9499969482422,7.300000190734863,76.091,192.51
2022-04-17,106.9499969482422,7.300000190734863,76.091,192.51
2022-04-18,108.20999908447266,7.820000171661377,76.352,194.78
2022-04-19,102.55999755859376,7.176000118255615,76.352,184.61
2022-04-20,102.75,6.936999797821045,76.352,184.95
2022-04-21,103.79000091552734,6.956999778747559,76.352,186.82
2022-04-22,102.06999969482422,6.533999919891357,76.352,183.73
2022-04-23,102.06999969482422,6.533999919891357,76.352,183.73
2022-04-24,102.06999969482422,6.533999919891357,76.352,183.73
2022-04-25,98.54000091552734,6.669000148773193,76.579,177.37
2022-04-26,101.6999969482422,6.849999904632568,76.579,183.06
2022-04-27,102.0199966430664,7.267000198364258,76.579,183.64
2022-04-28,105.36000061035156,6.888000011444092,76.579,189.65
2022-04-29,104.69000244140624,7.24399995803833,76.579,188.44
2022-04-30,104.69000244140624,7.24399995803833,76.579,188.44
2022-05-01,104.69000244140624,7.24399995803833,76.579,188.44
2022-05-02,105.16999816894533,7.474999904632568,76.521,189.31
2022-05-03,102.41000366210938,7.953999996185303,76.521,184.34
2022-05-04,107.80999755859376,8.414999961853027,76.521,194.06
2022-05-05,108.26000213623048,8.782999992370605,76.521,194.87
2022-05-06,109.7699966430664,8.043000221252441,76.521,197.59
2022-05-07,109.7699966430664,8.043000221252441,76.521,197.59
2022-05-08,109.7699966430664,8.043000221252441,76.521,197.59
2022-05-09,103.08999633789062,7.026000022888184,77.373,185.56
2022-05-10,99.76000213623048,7.385000228881836,77.373,179.57
2022-05-11,105.70999908447266,7.639999866485596,77.373,190.28
2022-05-12,106.12999725341795,7.738999843597412,77.373,191.03
2022-05-13,110.48999786376952,7.663000106811523,77.373,198.88
2022-05-14,110.48999786376952,7.663000106811523,77.373,198.88
2022-05-15,110.48999786376952,7.663000106811523,77.373,198.88
2022-05-16,114.1999969482422,7.955999851226807,77.629,205.56
2022-05-17,112.4000015258789,8.303999900817871,77.629,202.32
2022-05-18,109.58999633789062,8.368000030517578,77.629,197.26
2022-05-19,112.20999908447266,8.307999610900879,77.629,201.98
2022-05-20,113.2300033569336,8.083000183105469,77.629,203.81
2022-05-21,113.2300033569336,8.083000183105469,77.629,203.81
2022-05-22,113.2300033569336,8.083000183105469,77.629,203.81
2022-05-23,110.29000091552734,8.744000434875488,77.589,198.52
2022-05-24,109.7699966430664,8.795999526977539,77.589,197.59
2022-05-25,110.33000183105467,8.970999717712402,77.589,198.59
2022-05-26,114.08999633789062,8.907999992370605,77.589,205.36
2022-05-27,115.06999969482422,8.72700023651123,77.589,207.13
2022-05-28,115.06999969482422,8.72700023651123,77.589,207.13
2022-05-29,115.06999969482422,8.72700023651123,77.589,207.13
2022-05-30,115.06999969482422,8.72700023651123,77.588,207.13
2022-05-31,114.66999816894533,8.145000457763672,77.588,206.41
2022-06-01,115.26000213623048,8.696000099182129,77.588,207.47
2022-06-02,116.87000274658205,8.484999656677246,77.588,210.37
2022-06-03,118.87000274658205,8.52299976348877,77.588,213.97
2022-06-04,118.87000274658205,8.52299976348877,77.588,213.97
2022-06-05,118.87000274658205,8.52299976348877,77.588,213.97
2022-06-06,118.5,9.321999549865724,77.717,213.3
2022-06-07,119.41000366210938,9.29300022125244,77.717,214.94
2022-06-08,122.11000061035156,8.699000358581543,77.717,219.8
2022-06-09,121.51000213623048,8.963000297546387,77.717,218.72
2022-06-10,120.66999816894533,8.850000381469727,77.717,217.21
2022-06-11,120.66999816894533,8.850000381469727,77.717,217.21
2022-06-12,120.66999816894533,8.850000381469727,77.717,217.21
2022-06-13,120.93000030517578,8.609000205993652,78.076,217.67
2022-06-14,118.93000030517578,7.189000129699707,78.076,214.07
2022-06-15,115.30999755859376,7.420000076293945,78.076,207.56
2022-06-16,117.58999633789062,7.464000225067139,78.076,211.66
2022-06-17,109.55999755859376,6.943999767303467,78.076,197.21
2022-06-18,109.55999755859376,6.943999767303467,78.076,197.21
2022-06-19,109.55999755859376,6.943999767303467,78.076,197.21
2022-06-20,109.55999755859376,6.943999767303467,78.196,197.21
2022-06-21,110.6500015258789,6.808000087738037,78.196,199.17
2022-06-22,106.19000244140624,6.857999801635742,78.196,191.14
2022-06-23,104.2699966430664,6.238999843597412,78.196,187.69
2022-06-24,107.62000274658205,6.21999979019165,78.196,193.72
2022-06-25,107.62000274658205,6.21999979019165,78.196,193.72
2022-06-26,107.62000274658205,6.21999979019165,78.196,193.72
2022-06-27,109.56999969482422,6.500999927520752,78.889,197.23
2022-06-28,111.76000213623048,6.551000118255615,78.889,201.17
2022-06-29,109.77999877929688,6.498000144958496,78.889,197.6
2022-06-30,105.76000213623048,5.423999786376953,78.889,190.37
2022-07-01,108.43000030517578,5.730000019073486,78.889,195.17
2022-07-02,108.43000030517578,5.730000019073486,78.889,195.17
2022-07-03,108.43000030517578,5.730000019073486,78.889,195.17
2022-07-04,108.43000030517578,5.730000019073486,79.167,195.17
2022-07-05,99.5,5.5229997634887695,79.167,179.1
2022-07-06,98.52999877929688,5.510000228881836,79.167,177.35
2022-07-07,102.7300033569336,6.296999931335449,79.167,184.91
2022-07-08,104.79000091552734,6.033999919891357,79.167,188.62
2022-07-09,104.79000091552734,6.033999919891357,79.167,188.62
2022-07-10,104.79000091552734,6.033999919891357,79.167,188.62
2022-07-11,104.08999633789062,6.426000118255615,79.7,187.36
2022-07-12,95.83999633789062,6.163000106811523,79.7,172.51
2022-07-13,96.3000030517578,6.689000129699707,79.7,173.34
2022-07-14,95.77999877929688,6.599999904632568,79.7,172.4
2022-07-15,97.58999633789062,7.015999794006348,79.7,175.66
2022-07-16,97.58999633789062,7.015999794006348,79.7,175.66
2022-07-17,97.58999633789062,7.015999794006348,79.7,175.66
2022-07-18,102.5999984741211,7.479000091552734,79.927,184.68
2022-07-19,104.22000122070312,7.263999938964844,79.927,187.6
2022-07-20,102.26000213623048,8.006999969482422,79.927,184.07
2022-07-21,96.3499984741211,7.932000160217285,79.927,173.43
2022-07-22,94.6999969482422,8.298999786376953,79.927,170.46
2022-07-23,94.6999969482422,8.298999786376953,79.927,170.46
2022-07-24,94.6999969482422,8.298999786376953,79.927,170.46
2022-07-25,96.6999969482422,8.72700023651123,79.707,174.06
2022-07-26,94.9800033569336,8.993000030517578,79.707,170.96
2022-07-27,97.26000213623048,8.687000274658203,79.707,175.07
2022-07-28,96.41999816894533,8.133999824523926,79.707,173.56
2022-07-29,98.62000274658205,8.229000091552734,79.707,177.52
2022-07-30,98.62000274658205,8.229000091552734,79.707,177.52
2022-07-31,98.62000274658205,8.229000091552734,79.707,177.52
2022-08-01,93.88999938964844,8.282999992370605,79.066,169.0
2022-08-02,94.41999816894533,7.705999851226807,79.066,169.96
2022-08-03,90.66000366210938,8.265999794006348,79.066,163.19
2022-08-04,88.54000091552734,8.121999740600586,79.066,159.37
2022-08-05,89.01000213623047,8.064000129699707,79.066,160.22
2022-08-06,89.01000213623047,8.064000129699707,79.066,160.22
2022-08-07,89.01000213623047,8.064000129699707,79.066,160.22
2022-08-08,90.76000213623048,7.589000225067139,79.575,163.37
2022-08-09,90.5,7.833000183105469,79.575,162.9
2022-08-10,91.93000030517578,8.20199966430664,79.575,165.47
2022-08-11,94.33999633789062,8.87399959564209,79.575,169.81
2022-08-12,92.08999633789062,8.767999649047852,79.575,165.76
2022-08-13,92.08999633789062,8.767999649047852,79.575,165.76
2022-08-14,92.08999633789062,8.767999649047852,79.575,165.76
2022-08-15,89.41000366210938,8.727999687194824,79.564,160.94
2022-08-16,86.52999877929688,9.32900047302246,79.564,155.75
2022-08-17,88.11000061035156,9.244000434875488,79.564,158.6
2022-08-18,90.5,9.187999725341797,79.564,162.9
2022-08-19,90.7699966430664,9.336000442504885,79.564,163.39
2022-08-20,90.7699966430664,9.336000442504885,79.564,163.39
2022-08-21,90.7699966430664,9.336000442504885,79.564,163.39
2022-08-22,90.2300033569336,9.68000030517578,79.857,162.41
2022-08-23,93.73999786376952,9.192999839782717,79.857,168.73
2022-08-24,94.88999938964844,9.329999923706056,79.857,170.8
2022-08-25,92.5199966430664,9.375,79.857,166.54
2022-08-26,93.05999755859376,9.29599952697754,79.857,167.51
2022-08-27,93.05999755859376,9.29599952697754,79.857,167.51
2022-08-28,93.05999755859376,9.29599952697754,79.857,167.51
2022-08-29,97.01000213623048,9.352999687194824,79.698,174.62
2022-08-30,91.63999938964844,9.041999816894531,79.698,164.95
2022-08-31,89.55000305175781,9.126999855041504,79.698,161.19
2022-09-01,86.61000061035156,9.26200008392334,79.698,155.9
2022-09-02,86.87000274658203,8.78600025177002,79.698,156.37
2022-09-03,86.87000274658203,8.78600025177002,79.698,156.37
2022-09-04,86.87000274658203,8.78600025177002,79.698,156.37
2022-09-05,86.87000274658203,8.78600025177002,79.773,156.37
2022-09-06,86.87999725341797,8.145000457763672,79.773,156.38
2022-09-07,81.94000244140625,7.842000007629394,79.773,147.49
2022-09-08,83.54000091552734,7.914999961853027,79.773,150.37
2022-09-09,86.79000091552734,7.995999813079834,79.773,156.22
2022-09-10,86.79000091552734,7.995999813079834,79.773,156.22
2022-09-11,86.79000091552734,7.995999813079834,79.773,156.22
2022-09-12,87.77999877929688,8.24899959564209,79.525,158.0
2022-09-13,87.30999755859375,8.284000396728516,79.525,157.16
2022-09-14,88.4800033569336,9.11400032043457,79.525,159.26
2022-09-15,85.0999984741211,8.324000358581543,79.525,153.18
2022-09-16,85.11000061035156,7.763999938964844,79.525,153.2
2022-09-17,85.11000061035156,7.763999938964844,79.525,153.2
2022-09-18,85.11000061035156,7.763999938964844,79.525,153.2
2022-09-19,85.7300033569336,7.751999855041504,80.25,154.31
2022-09-20,84.44999694824219,7.717000007629394,80.25,152.01
2022-09-21,82.94000244140625,7.778999805450439,80.25,149.29
2022-09-22,83.48999786376953,7.089000225067139,80.25,150.28
2022-09-23,78.73999786376953,6.828000068664551,80.25,141.73
2022-09-24,78.73999786376953,6.828000068664551,80.25,141.73
2022-09-25,78.73999786376953,6.828000068664551,80.25,141.73
2022-09-26,76.70999908447266,6.902999877929688,81.62,138.08
2022-09-27,78.5,6.651000022888184,81.62,141.3
2022-09-28,82.1500015258789,6.868000030517578,81.62,147.87
2022-09-29,81.2300033569336,6.874000072479248,81.62,146.21
2022-09-30,79.48999786376953,6.765999794006348,81.62,143.08
2022-10-01,79.48999786376953,6.765999794006348,81.62,143.08
2022-10-02,79.48999786376953,6.765999794006348,81.62,143.08
2022-10-03,83.62999725341797,6.46999979019165,81.89,150.53
2022-10-04,86.5199966430664,6.836999893188477,81.89,155.74
2022-10-05,87.76000213623047,6.929999828338623,81.89,157.97
2022-10-06,88.44999694824219,6.9720001220703125,81.89,159.21
2022-10-07,92.63999938964844,6.748000144958496,81.89,166.75
2022-10-08,92.63999938964844,6.748000144958496,81.89,166.75
2022-10-09,92.63999938964844,6.748000144958496,81.89,166.75
2022-10-10,91.12999725341795,6.434999942779541,82.29,164.03
2022-10-11,89.3499984741211,6.5960001945495605,82.29,160.83
2022-10-12,87.2699966430664,6.434999942779541,82.29,157.09
2022-10-13,89.11000061035156,6.741000175476074,82.29,160.4
2022-10-14,85.61000061035156,6.453000068664551,82.29,154.1
2022-10-15,85.61000061035156,6.453000068664551,82.29,154.1
2022-10-16,85.61000061035156,6.453000068664551,82.29,154.1
2022-10-17,85.45999908447266,5.999000072479248,82.66,153.83
2022-10-18,82.81999969482422,5.744999885559082,82.66,149.08
2022-10-19,85.55000305175781,5.461999893188477,82.66,153.99
2022-10-20,85.9800033569336,5.357999801635742,82.66,154.76
2022-10-21,85.05000305175781,4.959000110626221,82.66,153.09
2022-10-22,85.05000305175781,4.959000110626221,82.66,153.09
2022-10-23,85.05000305175781,4.959000110626221,82.66,153.09
2022-10-24,84.58000183105469,5.198999881744385,82.48,152.24
2022-10-25,85.31999969482422,5.61299991607666,82.48,153.58
2022-10-26,87.91000366210938,5.605999946594238,82.48,158.24
2022-10-27,89.08000183105469,5.185999870300293,82.48,160.34
2022-10-28,87.9000015258789,5.684000015258789,82.48,158.22
2022-10-29,87.9000015258789,5.684000015258789,82.48,158.22
2022-10-30,87.9000015258789,5.684000015258789,82.48,158.22
2022-10-31,86.52999877929688,6.355000019073486,82.62,155.75
2022-11-01,88.37000274658203,5.714000225067139,82.62,159.07
2022-11-02,90.0,6.26800012588501,82.62,162.0
2022-11-03,88.16999816894531,5.974999904632568,82.62,158.71
2022-11-04,92.61000061035156,6.400000095367432,82.62,166.7
2022-11-05,92.61000061035156,6.400000095367432,82.62,166.7
2022-11-06,92.61000061035156,6.400000095367432,82.62,166.7
2022-11-07,91.79000091552734,6.943999767303467,81.44,165.22
2022-11-08,88.91000366210938,6.138000011444092,81.44,160.04
2022-11-09,85.83000183105469,5.864999771118164,81.44,154.49
2022-11-10,86.47000122070312,6.238999843597412,81.44,155.65
2022-11-11,88.95999908447266,5.879000186920166,81.44,160.13
2022-11-12,88.95999908447266,5.879000186920166,81.44,160.13
2022-11-13,88.95999908447266,5.879000186920166,81.44,160.13
2022-11-14,85.87000274658203,5.933000087738037,81.36,154.57
2022-11-15,86.91999816894531,6.033999919891357,81.36,156.46
2022-11-16,85.58999633789062,6.199999809265137,81.36,154.06
2022-11-17,81.63999938964844,6.36899995803833,81.36,146.95
2022-11-18,80.08000183105469,6.302999973297119,81.36,144.14
2022-11-19,80.08000183105469,6.302999973297119,81.36,144.14
2022-11-20,80.08000183105469,6.302999973297119,81.36,144.14
2022-11-21,79.7300033569336,6.776000022888184,81.69,143.51
2022-11-22,80.94999694824219,6.77899980545044,81.69,145.71
2022-11-23,77.94000244140625,7.308000087738037,81.69,140.29
2022-11-24,77.94000244140625,7.308000087738037,81.69,140.29
2022-11-25,76.27999877929688,7.02400016784668,81.69,137.3
2022-11-26,76.27999877929688,7.02400016784668,81.69,137.3
2022-11-27,76.27999877929688,7.02400016784668,81.69,137.3
2022-11-28,77.23999786376953,6.711999893188477,81.44,139.03
2022-11-29,78.19999694824219,7.235000133514404,81.44,140.76
2022-11-30,80.55000305175781,6.929999828338623,81.44,144.99
2022-12-01,81.22000122070312,6.73799991607666,81.44,146.2
2022-12-02,79.9800033569336,6.281000137329102,81.44,143.96
2022-12-03,79.9800033569336,6.281000137329102,81.44,143.96
2022-12-04,79.9800033569336,6.281000137329102,81.44,143.96
2022-12-05,76.93000030517578,5.577000141143799,82.24,138.47
2022-12-06,74.25,5.468999862670898,82.24,133.65
2022-12-07,72.01000213623047,5.7230000495910645,82.24,129.62
2022-12-08,71.45999908447266,5.961999893188477,82.24,128.63
2022-12-09,71.0199966430664,6.244999885559082,82.24,127.84
2022-12-10,71.0199966430664,6.244999885559082,82.24,127.84
2022-12-11,71.0199966430664,6.244999885559082,82.24,127.84
2022-12-12,73.16999816894531,6.586999893188477,82.68,131.71
2022-12-13,75.38999938964844,6.934999942779541,82.68,135.7
2022-12-14,77.27999877929688,6.429999828338623,82.68,139.1
2022-12-15,76.11000061035156,6.96999979019165,82.68,137.0
2022-12-16,74.29000091552734,6.599999904632568,82.68,133.72
2022-12-17,74.29000091552734,6.599999904632568,82.68,133.72
2022-12-18,74.29000091552734,6.599999904632568,82.68,133.72
2022-12-19,75.19000244140625,5.85099983215332,82.75,135.34
2022-12-20,76.08999633789062,5.326000213623047,82.75,136.96
2022-12-21,78.29000091552734,5.331999778747559,82.75,140.92
2022-12-22,77.48999786376953,4.999000072479248,82.75,139.48
2022-12-23,79.55999755859375,5.078999996185303,82.75,143.21
2022-12-24,79.55999755859375,5.078999996185303,82.75,143.21
2022-12-25,79.55999755859375,5.078999996185303,82.75,143.21
2022-12-26,79.55999755859375,5.078999996185303,82.8,143.21
2022-12-27,79.52999877929688,5.2820000648498535,82.8,143.15
2022-12-28,78.95999908447266,4.709000110626221,82.8,142.13
2022-12-29,78.4000015258789,4.559000015258789,82.8,141.12
2022-12-30,80.26000213623047,4.474999904632568,82.8,144.47
2022-12-31,80.26000213623047,4.474999904632568,82.8,144.47
2023-01-01,80.26000213623047,4.474999904632568,82.8,144.47
2023-01-02,80.26000213623047,4.474999904632568,82.75,144.47
2023-01-03,76.93000030517578,3.98799991607666,82.75,138.47
2023-01-04,72.83999633789062,4.171999931335449,82.75,131.11
2023-01-05,73.66999816894531,3.7200000286102295,82.75,132.61
2023-01-06,73.7699966430664,3.7100000381469727,82.75,132.79
2023-01-07,73.7699966430664,3.7100000381469727,82.75,132.79
2023-01-08,73.7699966430664,3.7100000381469727,82.75,132.79
2023-01-09,74.62999725341797,3.910000085830689,81.76,134.33
2023-01-10,75.12000274658203,3.638999938964844,81.76,135.22
2023-01-11,77.41000366210938,3.671000003814697,81.76,139.34
2023-01-12,78.38999938964844,3.694999933242798,81.76,141.1
2023-01-13,79.86000061035156,3.4189999103546143,81.76,143.75
2023-01-14,79.86000061035156,3.4189999103546143,81.76,143.75
2023-01-15,79.86000061035156,3.4189999103546143,81.76,143.75
2023-01-16,79.86000061035156,3.4189999103546143,81.44,143.75
2023-01-17,80.18000030517578,3.5859999656677246,81.44,144.32
2023-01-18,79.4800033569336,3.311000108718872,81.44,143.06
2023-01-19,80.33000183105469,3.275000095367432,81.44,144.59
2023-01-20,81.30999755859375,3.174000024795532,81.44,146.36
2023-01-21,81.30999755859375,3.174000024795532,81.44,146.36
2023-01-22,81.30999755859375,3.174000024795532,81.44,146.36
2023-01-23,81.62000274658203,3.447000026702881,81.54,146.92
2023-01-24,80.12999725341797,3.257999897003174,81.54,144.23
2023-01-25,80.1500015258789,3.066999912261963,81.54,144.27
2023-01-26,81.01000213623047,2.944000005722046,81.54,145.82
2023-01-27,79.68000030517578,3.108999967575073,81.54,143.42
2023-01-28,79.68000030517578,3.108999967575073,81.54,143.42
2023-01-29,79.68000030517578,3.108999967575073,81.54,143.42
2023-01-30,77.9000015258789,2.677000045776367,81.84,140.22
2023-01-31,78.87000274658203,2.684000015258789,81.84,141.97
2023-02-01,76.41000366210938,2.4679999351501465,81.84,137.54
2023-02-02,75.87999725341797,2.4560000896453857,81.84,136.58
2023-02-03,73.38999938964844,2.4100000858306885,81.84,132.1
2023-02-04,73.38999938964844,2.4100000858306885,81.84,132.1
2023-02-05,73.38999938964844,2.4100000858306885,81.84,132.1
2023-02-06,74.11000061035156,2.4570000171661377,82.61,133.4
2023-02-07,77.13999938964844,2.5840001106262207,82.61,138.85
2023-02-08,78.47000122070312,2.3959999084472656,82.61,141.25
2023-02-09,78.05999755859375,2.430000066757202,82.61,140.51
2023-02-10,79.72000122070312,2.513999938964844,82.61,143.5
2023-02-11,79.72000122070312,2.513999938964844,82.61,143.5
2023-02-12,79.72000122070312,2.513999938964844,82.61,143.5
2023-02-13,80.13999938964844,2.4049999713897705,82.78,144.25
2023-02-14,79.05999755859375,2.566999912261963,82.78,142.31
2023-02-15,78.58999633789062,2.470999956130981,82.78,141.46
2023-02-16,78.48999786376953,2.388999938964844,82.78,141.28
2023-02-17,76.33999633789062,2.275000095367432,82.78,137.41
2023-02-18,76.33999633789062,2.275000095367432,82.78,137.41
2023-02-19,76.33999633789062,2.275000095367432,82.78,137.41
2023-02-20,76.33999633789062,2.275000095367432,82.75,137.41
2023-02-21,76.16000366210938,2.072999954223633,82.75,137.09
2023-02-22,73.94999694824219,2.174000024795532,82.75,133.11
2023-02-23,75.38999938964844,2.313999891281128,82.45,135.7
2023-02-24,76.31999969482422,2.4509999752044678,82.45,137.38
2023-02-25,76.31999969482422,2.4509999752044678,82.45,137.38
2023-02-26,76.31999969482422,2.4509999752044678,82.45,137.38
2023-02-27,75.68000030517578,2.7309999465942383,82.45,136.22
2023-02-28,77.05000305175781,2.746999979019165,82.45,138.69
2023-03-01,77.69000244140625,2.811000108718872,82.45,139.84
2023-03-02,78.16000366210938,2.765000104904175,82.45,140.69
2023-03-03,79.68000030517578,3.009000062942505,82.45,143.42
2023-03-04,79.68000030517578,3.009000062942505,82.45,143.42
2023-03-05,79.68000030517578,3.009000062942505,82.45,143.42
2023-03-06,80.45999908447266,2.572000026702881,81.97,144.83
2023-03-07,77.58000183105469,2.687000036239624,81.97,139.64
2023-03-08,76.66000366210938,2.5510001182556152,81.97,137.99
2023-03-09,75.72000122070312,2.5429999828338623,81.97,136.3
2023-03-10,76.68000030517578,2.430000066757202,81.97,138.02
2023-03-11,76.68000030517578,2.430000066757202,81.97,138.02
2023-03-12,76.68000030517578,2.430000066757202,81.97,138.02
2023-03-13,74.80000305175781,2.6059999465942383,82.56,134.64
2023-03-14,71.33000183105469,2.572999954223633,82.56,128.39
2023-03-15,67.61000061035156,2.438999891281128,82.56,121.7
2023-03-16,68.3499984741211,2.5139999389648438,82.56,123.03
2023-03-17,66.73999786376953,2.3380000591278076,82.56,120.13
2023-03-18,66.73999786376953,2.3380000591278076,82.56,120.13
2023-03-19,66.73999786376953,2.3380000591278076,82.56,120.13
2023-03-20,67.63999938964844,2.2230000495910645,82.5,121.75
2023-03-21,69.33000183105469,2.3480000495910645,82.5,124.79
2023-03-22,70.9000015258789,2.1710000038146973,82.5,127.62
2023-03-23,69.95999908447266,2.1540000438690186,82.5,125.93
2023-03-24,69.26000213623047,2.2160000801086426,82.5,124.67
2023-03-25,69.26000213623047,2.2160000801086426,82.5,124.67
2023-03-26,69.26000213623047,2.2160000801086426,82.5,124.67
2023-03-27,72.80999755859375,2.0880000591278076,82.22,131.06
2023-03-28,73.19999694824219,2.0299999713897705,82.22,131.76
2023-03-29,72.97000122070312,1.9910000562667847,82.22,131.35
2023-03-30,74.37000274658203,2.1040000915527344,82.22,133.87
2023-03-31,75.66999816894531,2.2160000801086426,82.22,136.21
2023-04-01,75.66999816894531,2.2160000801086426,82.22,136.21
2023-04-02,75.66999816894531,2.2160000801086426,82.22,136.21
2023-04-03,80.41999816894531,2.0969998836517334,82.1,144.76
2023-04-04,80.70999908447266,2.1059999465942383,82.1,145.28
2023-04-05,80.61000061035156,2.1549999713897705,82.1,145.1
2023-04-06,80.69999694824219,2.010999917984009,82.1,145.26
2023-04-07,80.69999694824219,2.010999917984009,82.1,145.26
2023-04-08,80.69999694824219,2.010999917984009,82.1,145.26
2023-04-09,80.69999694824219,2.010999917984009,82.1,145.26
2023-04-10,79.73999786376953,2.171999931335449,81.94,143.53
2023-04-11,81.52999877929688,2.186000108718872,81.94,146.75
2023-04-12,83.26000213623047,2.0929999351501465,81.94,149.87
2023-04-13,82.16000366210938,2.006999969482422,81.94,147.89
2023-04-14,82.5199966430664,2.114000082015991,81.94,148.54
2023-04-15,82.5199966430664,2.114000082015991,81.94,148.54
2023-04-16,82.5199966430664,2.114000082015991,81.94,148.54
2023-04-17,80.83000183105469,2.2750000953674316,82.1,145.49
2023-04-18,80.86000061035156,2.365999937057495,82.1,145.55
2023-04-19,79.16000366210938,2.2219998836517334,82.1,142.49
2023-04-20,77.29000091552734,2.249000072479248,82.1,139.12
2023-04-21,77.87000274658203,2.2330000400543213,82.1,140.17
2023-04-22,77.87000274658203,2.2330000400543213,82.1,140.17
2023-04-23,77.87000274658203,2.2330000400543213,82.1,140.17
2023-04-24,78.76000213623047,2.2730000019073486,81.86,141.77
2023-04-25,77.06999969482422,2.306999921798706,81.86,138.73
2023-04-26,74.30000305175781,2.117000102996826,81.86,133.74
2023-04-27,74.76000213623047,2.3550000190734863,81.86,134.57
2023-04-28,76.77999877929688,2.4100000858306885,81.86,138.2
2023-04-29,76.77999877929688,2.4100000858306885,81.86,138.2
2023-04-30,76.77999877929688,2.4100000858306885,81.86,138.2
2023-05-01,75.66000366210938,2.318000078201294,81.79,136.19
2023-05-02,71.66000366210938,2.2139999866485596,81.79,128.99
2023-05-03,68.5999984741211,2.1700000762939453,81.79,123.48
2023-05-04,68.55999755859375,2.1010000705718994,81.79,123.41
2023-05-05,71.33999633789062,2.13700008392334,81.79,128.41
2023-05-06,71.33999633789062,2.13700008392334,81.79,128.41
2023-05-07,71.33999633789062,2.13700008392334,81.79,128.41
2023-05-08,73.16000366210938,2.23799991607666,82.02,131.69
2023-05-09,73.70999908447266,2.2669999599456787,82.02,132.68
2023-05-10,72.55999755859375,2.190999984741211,82.02,130.61
2023-05-11,70.87000274658203,2.190000057220459,82.02,127.57
2023-05-12,70.04000091552734,2.2660000324249268,82.02,126.07
2023-05-13,70.04000091552734,2.2660000324249268,82.02,126.07
2023-05-14,70.04000091552734,2.2660000324249268,82.02,126.07
2023-05-15,71.11000061035156,2.375,82.44,128.0
2023-05-16,70.86000061035156,2.375999927520752,82.44,127.55
2023-05-17,72.83000183105469,2.365000009536743,82.44,131.09
2023-05-18,71.86000061035156,2.5920000076293945,82.44,129.35
2023-05-19,71.55000305175781,2.5850000381469727,82.44,128.79
2023-05-20,71.55000305175781,2.5850000381469727,82.44,128.79
2023-05-21,71.55000305175781,2.5850000381469727,82.44,128.79
2023-05-22,71.98999786376953,2.4000000953674316,82.74,129.58
2023-05-23,72.91000366210938,2.321000099182129,82.74,131.24
2023-05-24,74.33999633789062,2.3980000019073486,82.74,133.81
2023-05-25,71.83000183105469,2.306999921798706,82.74,129.29
2023-05-26,72.66999816894531,2.180999994277954,82.74,130.81
2023-05-27,72.66999816894531,2.180999994277954,82.74,130.81
2023-05-28,72.66999816894531,2.180999994277954,82.74,130.81
2023-05-29,72.66999816894531,2.180999994277954,82.56,130.81
2023-05-30,69.45999908447266,2.3269999027252197,82.56,125.03
2023-05-31,68.08999633789062,2.2660000324249268,82.56,122.56
2023-06-01,70.0999984741211,2.1579999923706055,82.56,126.18
2023-06-02,71.73999786376953,2.171999931335449,82.56,129.13
2023-06-03,71.73999786376953,2.171999931335449,82.56,129.13
2023-06-04,71.73999786376953,2.171999931335449,82.56,129.13
2023-06-05,72.1500015258789,2.244999885559082,82.55,129.87
2023-06-06,71.73999786376953,2.26200008392334,82.55,129.13
2023-06-07,72.52999877929688,2.3289999961853027,82.55,130.55
2023-06-08,71.29000091552734,2.3519999980926514,82.55,128.32
2023-06-09,70.16999816894531,2.253999948501587,82.55,126.31
2023-06-10,70.16999816894531,2.253999948501587,82.55,126.31
2023-06-11,70.16999816894531,2.253999948501587,82.55,126.31
2023-06-12,67.12000274658203,2.2660000324249268,82.19,120.82
2023-06-13,69.41999816894531,2.3399999141693115,82.19,124.96
2023-06-14,68.2699966430664,2.3420000076293945,82.19,122.89
2023-06-15,70.62000274658203,2.5329999923706055,82.19,127.12
2023-06-16,71.77999877929688,2.631999969482422,82.19,129.2
2023-06-17,71.77999877929688,2.631999969482422,82.19,129.2
2023-06-18,71.77999877929688,2.631999969482422,82.19,129.2
2023-06-19,71.77999877929688,2.631999969482422,82.0,129.2
2023-06-20,70.5,2.492000102996826,82.0,126.9
2023-06-21,72.52999877929688,2.5969998836517334,82.0,130.55
2023-06-22,69.51000213623047,2.6080000400543213,82.0,125.12
2023-06-23,69.16000366210938,2.7290000915527344,82.0,124.49
2023-06-24,69.16000366210938,2.7290000915527344,82.0,124.49
2023-06-25,69.16000366210938,2.7290000915527344,82.0,124.49
2023-06-26,69.37000274658203,2.7909998893737793,82.04,124.87
2023-06-27,67.69999694824219,2.763000011444092,82.04,121.86
2023-06-28,69.55999755859375,2.6029999256134033,82.04,125.21
2023-06-29,69.86000061035156,2.7009999752044678,82.04,125.75
2023-06-30,70.63999938964844,2.7980000972747803,82.04,127.15
2023-07-01,70.63999938964844,2.7980000972747803,82.04,127.15
2023-07-02,70.63999938964844,2.7980000972747803,82.04,127.15
2023-07-03,69.79000091552734,2.7090001106262207,82.28,125.62
2023-07-04,69.79000091552734,2.7090001106262207,82.28,125.62
2023-07-05,71.79000091552734,2.6570000648498535,82.28,129.22
2023-07-06,71.80000305175781,2.6089999675750732,82.28,129.24
2023-07-07,73.86000061035156,2.5820000171661377,82.28,132.95
2023-07-08,73.86000061035156,2.5820000171661377,82.28,132.95
2023-07-09,73.86000061035156,2.5820000171661377,82.28,132.95
2023-07-10,72.98999786376953,2.6689999103546143,82.31,131.38
2023-07-11,74.83000183105469,2.7309999465942383,82.31,134.69
2023-07-12,75.75,2.631999969482422,82.31,136.35
2023-07-13,76.88999938964844,2.5450000762939453,82.31,138.4
2023-07-14,75.41999816894531,2.5390000343322754,82.31,135.76
2023-07-15,75.41999816894531,2.5390000343322754,82.31,135.76
2023-07-16,75.41999816894531,2.5390000343322754,82.31,135.76
2023-07-17,74.1500015258789,2.51200008392334,82.02,133.47
2023-07-18,75.75,2.628999948501587,82.02,136.35
2023-07-19,75.3499984741211,2.6029999256134033,82.02,135.63
2023-07-20,75.62999725341797,2.756999969482422,82.02,136.13
2023-07-21,77.06999969482422,2.7130000591278076,82.02,138.73
2023-07-22,77.06999969482422,2.7130000591278076,82.02,138.73
2023-07-23,77.06999969482422,2.7130000591278076,82.02,138.73
2023-07-24,78.73999786376953,2.684999942779541,81.97,141.73
2023-07-25,79.62999725341797,2.7300000190734863,81.97,143.33
2023-07-26,78.77999877929688,2.6649999618530273,81.97,141.8
2023-07-27,80.08999633789062,2.492000102996826,81.97,144.16
2023-07-28,80.58000183105469,2.638000011444092,81.97,145.04
2023-07-29,80.58000183105469,2.638000011444092,81.97,145.04
2023-07-30,80.58000183105469,2.638000011444092,81.97,145.04
2023-07-31,81.80000305175781,2.634000062942505,82.55,147.24
2023-08-01,81.37000274658203,2.559999942779541,82.55,146.47
2023-08-02,79.48999786376953,2.4769999980926514,82.55,143.08
2023-08-03,81.55000305175781,2.565000057220459,82.55,146.79
2023-08-04,82.81999969482422,2.5769999027252197,82.55,149.08
2023-08-05,82.81999969482422,2.5769999027252197,82.55,149.08
2023-08-06,82.81999969482422,2.5769999027252197,82.55,149.08
2023-08-07,81.94000244140625,2.7249999046325684,82.77,147.49
2023-08-08,82.91999816894531,2.7769999504089355,82.77,149.26
2023-08-09,84.4000015258789,2.9590001106262207,82.77,151.92
2023-08-10,82.81999969482422,2.763000011444092,82.77,149.08
2023-08-11,83.19000244140625,2.7699999809265137,82.77,149.74
2023-08-12,83.19000244140625,2.7699999809265137,82.77,149.74
2023-08-13,83.19000244140625,2.7699999809265137,82.77,149.74
2023-08-14,82.51000213623047,2.7950000762939453,83.15,148.52
2023-08-15,80.98999786376953,2.6589999198913574,83.15,145.78
2023-08-16,79.37999725341797,2.5920000076293945,83.15,142.88
2023-08-17,80.38999938964844,2.621000051498413,83.15,144.7
2023-08-18,81.25,2.5510001182556152,83.15,146.25
2023-08-19,81.25,2.5510001182556152,83.15,146.25
2023-08-20,81.25,2.5510001182556152,83.15,146.25
2023-08-21,80.72000122070312,2.631999969482422,82.79,145.3
2023-08-22,80.3499984741211,2.559999942779541,82.79,144.63
2023-08-23,78.88999938964844,2.496999979019165,82.79,142.0
2023-08-24,79.05000305175781,2.5190000534057617,82.79,142.29
2023-08-25,79.83000183105469,2.5399999618530273,82.79,143.69
2023-08-26,79.83000183105469,2.5399999618530273,82.79,143.69
2023-08-27,79.83000183105469,2.5399999618530273,82.79,143.69
2023-08-28,80.0999984741211,2.5789999961853027,82.72,144.18
2023-08-29,81.16000366210938,2.555999994277954,82.72,146.09
2023-08-30,81.62999725341797,2.7960000038146973,82.72,146.93
2023-08-31,83.62999725341797,2.7679998874664307,82.72,150.53
2023-09-01,85.55000305175781,2.765000104904175,82.72,153.99
2023-09-02,85.55000305175781,2.765000104904175,82.72,153.99
2023-09-03,85.55000305175781,2.765000104904175,82.72,153.99
2023-09-04,85.55000305175781,2.765000104904175,83.01,153.99
2023-09-05,86.69000244140625,2.5820000171661377,83.01,156.04
2023-09-06,87.54000091552734,2.509999990463257,83.01,157.57
2023-09-07,86.87000274658203,2.5789999961853027,83.01,156.37
2023-09-08,87.51000213623047,2.6050000190734863,83.01,157.52
2023-09-09,87.51000213623047,2.6050000190734863,83.01,157.52
2023-09-10,87.51000213623047,2.6050000190734863,83.01,157.52
2023-09-11,87.29000091552734,2.6080000400543213,83.0,157.12
2023-09-12,88.83999633789062,2.743000030517578,83.0,159.91
2023-09-13,88.5199966430664,2.680000066757202,83.0,159.34
2023-09-14,90.16000366210938,2.7079999446868896,83.0,162.29
2023-09-15,90.7699966430664,2.6440000534057617,83.0,163.39
2023-09-16,90.7699966430664,2.6440000534057617,83.0,163.39
2023-09-17,90.7699966430664,2.6440000534057617,83.0,163.39
2023-09-18,91.4800033569336,2.7279999256134033,83.12,164.66
2023-09-19,91.19999694824219,2.8480000495910645,83.12,164.16
2023-09-20,90.27999877929688,2.7330000400543213,83.12,162.5
2023-09-21,89.62999725341797,2.609999895095825,83.12,161.33
2023-09-22,90.02999877929688,2.63700008392334,83.12,162.05
2023-09-23,90.02999877929688,2.63700008392334,83.12,162.05
2023-09-24,90.02999877929688,2.63700008392334,83.12,162.05
2023-09-25,89.68000030517578,2.6389999389648438,83.17,161.42
2023-09-26,90.38999938964844,2.6559998989105225,83.17,162.7
2023-09-27,93.68000030517578,2.7639999389648438,83.17,168.62
2023-09-28,91.70999908447266,2.944999933242798,83.17,165.08
2023-09-29,90.79000091552734,2.928999900817871,83.17,163.42
2023-09-30,90.79000091552734,2.928999900817871,83.17,163.42
2023-10-01,90.79000091552734,2.928999900817871,83.17,163.42
2023-10-02,88.81999969482422,2.8399999141693115,83.21,159.88
2023-10-03,89.2300033569336,2.9489998817443848,83.21,160.61
2023-10-04,84.22000122070312,2.9619998931884766,83.21,151.6
2023-10-05,82.30999755859375,3.1659998893737793,83.21,148.16
2023-10-06,82.79000091552734,3.3380000591278076,83.21,149.02
2023-10-07,82.79000091552734,3.3380000591278076,83.21,149.02
2023-10-08,82.79000091552734,3.3380000591278076,83.21,149.02
2023-10-09,86.37999725341797,3.375999927520752,83.25,155.48
2023-10-10,85.97000122070312,3.381999969482422,83.25,154.75
2023-10-11,83.48999786376953,3.377000093460083,83.25,150.28
2023-10-12,82.91000366210938,3.3440001010894775,83.25,149.24
2023-10-13,87.69000244140625,3.2360000610351562,83.25,157.84
2023-10-14,87.69000244140625,3.2360000610351562,83.25,157.84
2023-10-15,87.69000244140625,3.2360000610351562,83.25,157.84
2023-10-16,86.66000366210938,3.1089999675750732,83.21,155.99
2023-10-17,86.66000366210938,3.0789999961853027,83.21,155.99
2023-10-18,88.31999969482422,3.055999994277954,83.21,158.98
2023-10-19,89.37000274658203,2.9570000171661377,83.21,160.87
2023-10-20,88.75,2.8989999294281006,83.21,159.75
2023-10-21,88.75,2.8989999294281006,83.21,159.75
2023-10-22,88.75,2.8989999294281006,83.21,159.75
2023-10-23,85.48999786376953,2.9260001182556152,83.17,153.88
2023-10-24,83.73999786376953,2.9709999561309814,83.17,150.73
2023-10-25,85.38999938964844,3.009999990463257,83.17,153.7
2023-10-26,83.20999908447266,3.2139999866485596,83.17,149.78
2023-10-27,85.54000091552734,3.1640000343322754,83.17,153.97
2023-10-28,85.54000091552734,3.1640000343322754,83.17,153.97
2023-10-29,85.54000091552734,3.1640000343322754,83.17,153.97
2023-10-30,82.30999755859375,3.3519999980926514,83.25,148.16
2023-10-31,81.0199966430664,3.575000047683716,83.25,145.84
2023-11-01,80.44000244140625,3.49399995803833,83.25,144.79
2023-11-02,82.45999908447266,3.4719998836517334,83.25,148.43
2023-11-03,80.51000213623047,3.515000104904175,83.25,144.92
2023-11-04,80.51000213623047,3.515000104904175,83.25,144.92
2023-11-05,80.51000213623047,3.515000104904175,83.25,144.92
2023-11-06,80.81999969482422,3.2639999389648438,83.28,145.48
2023-11-07,77.37000274658203,3.140000104904175,83.28,139.27
2023-11-08,75.33000183105469,3.1059999465942383,83.28,135.59
2023-11-09,75.73999786376953,3.0409998893737793,83.28,136.33
2023-11-10,77.16999816894531,3.0329999923706055,83.28,138.91
2023-11-11,77.16999816894531,3.0329999923706055,83.28,138.91
2023-11-12,77.16999816894531,3.0329999923706055,83.28,138.91
2023-11-13,78.26000213623047,3.197000026702881,83.2,140.87
2023-11-14,78.26000213623047,3.1059999465942383,83.2,140.87
2023-11-15,76.66000366210938,3.190000057220459,83.2,137.99
2023-11-16,72.9000015258789,3.062000036239624,83.2,131.22
2023-11-17,75.88999938964844,2.9600000381469727,83.2,136.6
2023-11-18,75.88999938964844,2.9600000381469727,83.2,136.6
2023-11-19,75.88999938964844,2.9600000381469727,83.2,136.6
2023-11-20,77.5999984741211,2.881999969482422,83.34,139.68
2023-11-21,77.7699966430664,2.8459999561309814,83.34,139.99
2023-11-22,77.0999984741211,2.8970000743865967,83.34,138.78
2023-11-23,77.0999984741211,2.934000015258789,83.34,138.78
2023-11-24,75.54000091552734,2.8550000190734863,83.34,135.97
2023-11-25,75.54000091552734,2.8550000190734863,83.34,135.97
2023-11-26,75.54000091552734,2.8550000190734863,83.34,135.97
2023-11-27,74.86000061035156,2.7939999103546143,83.34,134.75
2023-11-28,76.41000366210938,2.7060000896453857,83.34,137.54
2023-11-29,77.86000061035156,2.803999900817871,83.34,140.15
2023-11-30,75.95999908447266,2.802000045776367,83.34,136.73
2023-12-01,74.06999969482422,2.813999891281128,83.34,133.33
2023-12-02,74.06999969482422,2.813999891281128,83.34,133.33
2023-12-03,74.06999969482422,2.813999891281128,83.34,133.33
2023-12-04,73.04000091552734,2.694000005722046,83.37,131.47
2023-12-05,72.31999969482422,2.7100000381469727,83.37,130.18
2023-12-06,69.37999725341797,2.569000005722046,83.37,124.88
2023-12-07,69.33999633789062,2.5850000381469727,83.37,124.81
2023-12-08,71.2300033569336,2.5810000896453857,83.37,128.21
2023-12-09,71.2300033569336,2.5810000896453857,83.37,128.21
2023-12-10,71.2300033569336,2.5810000896453857,83.37,128.21
2023-12-11,71.31999969482422,2.430999994277954,83.31,128.38
2023-12-12,68.61000061035156,2.311000108718872,83.31,123.5
2023-12-13,69.47000122070312,2.3350000381469727,83.31,125.05
2023-12-14,71.58000183105469,2.3919999599456787,83.31,128.84
2023-12-15,71.43000030517578,2.490999937057495,83.31,128.57
2023-12-16,71.43000030517578,2.490999937057495,83.31,128.57
2023-12-17,71.43000030517578,2.490999937057495,83.31,128.57
2023-12-18,72.47000122070312,2.503000020980835,83.18,130.45
2023-12-19,73.44000244140625,2.492000102996826,83.18,132.19
2023-12-20,74.22000122070312,2.447000026702881,83.18,133.6
2023-12-21,73.88999938964844,2.572000026702881,83.18,133.0
2023-12-22,73.55999755859375,2.609999895095825,83.18,132.41
2023-12-23,73.55999755859375,2.609999895095825,83.18,132.41
2023-12-24,73.55999755859375,2.609999895095825,83.18,132.41
2023-12-25,73.55999755859375,2.609999895095825,83.22,132.41
2023-12-26,75.56999969482422,2.549999952316284,83.22,136.03
2023-12-27,74.11000061035156,2.61899995803833,83.22,133.4
2023-12-28,71.7699966430664,2.556999921798706,83.22,129.19
2023-12-29,71.6500015258789,2.5139999389648438,83.22,128.97
2023-12-30,71.6500015258789,2.5139999389648438,83.22,128.97
2023-12-31,71.6500015258789,2.5139999389648438,83.22,128.97
2024-01-01,71.6500015258789,2.5139999389648438,83.26,128.97
2024-01-02,70.37999725341797,2.568000078201294,83.26,126.68
2024-01-03,72.69999694824219,2.6679999828338623,83.26,130.86
2024-01-04,72.19000244140625,2.821000099182129,83.26,129.94
2024-01-05,73.80999755859375,2.8929998874664307,83.26,132.86
2024-01-06,73.80999755859375,2.8929998874664307,83.26,132.86
2024-01-07,73.80999755859375,2.8929998874664307,83.26,132.86
2024-01-08,70.7699966430664,2.9800000190734863,83.04,127.39
2024-01-09,72.23999786376953,3.190000057220459,83.04,130.03
2024-01-10,71.37000274658203,3.0390000343322754,83.04,128.47
2024-01-11,72.0199966430664,3.0969998836517334,83.04,129.64
2024-01-12,72.68000030517578,3.312999963760376,83.04,130.82
2024-01-13,72.68000030517578,3.312999963760376,83.04,130.82
2024-01-14,72.68000030517578,3.312999963760376,83.04,130.82
2024-01-15,72.68000030517578,3.312999963760376,83.07,130.82
2024-01-16,72.4000015258789,2.9000000953674316,83.07,130.32
2024-01-17,72.55999755859375,2.869999885559082,83.07,130.61
2024-01-18,74.08000183105469,2.697000026702881,83.07,133.34
2024-01-19,73.41000366210938,2.5190000534057617,83.07,132.14
2024-01-20,73.41000366210938,2.5190000534057617,83.07,132.14
2024-01-21,73.41000366210938,2.5190000534057617,83.07,132.14
2024-01-22,75.19000244140625,2.4189999103546143,83.13,135.34
2024-01-23,74.37000274658203,2.450000047683716,83.13,133.87
2024-01-24,75.08999633789062,2.6410000324249268,83.13,135.16
2024-01-25,77.36000061035156,2.571000099182129,83.13,139.25
2024-01-26,78.01000213623047,2.7119998931884766,83.13,140.42
2024-01-27,78.01000213623047,2.7119998931884766,83.13,140.42
2024-01-28,78.01000213623047,2.7119998931884766,83.13,140.42
2024-01-29,76.77999877929688,2.490000009536743,83.04,138.2
2024-01-30,77.81999969482422,2.0769999027252197,83.04,140.08
2024-01-31,75.8499984741211,2.0999999046325684,83.04,136.53
2024-02-01,73.81999969482422,2.049999952316284,83.04,132.88
2024-02-02,72.27999877929688,2.0789999961853027,83.04,130.1
2024-02-03,72.27999877929688,2.0789999961853027,83.04,130.1
2024-02-04,72.27999877929688,2.0789999961853027,83.04,130.1
2024-02-05,72.77999877929688,2.0820000171661377,83.02,131.0
2024-02-06,73.30999755859375,2.009000062942505,83.02,131.96
2024-02-07,73.86000061035156,1.9670000076293945,83.02,132.95
2024-02-08,76.22000122070312,1.9170000553131104,83.02,137.2
2024-02-09,76.83999633789062,1.847000002861023,83.02,138.31
2024-02-10,76.83999633789062,1.847000002861023,83.02,138.31
2024-02-11,76.83999633789062,1.847000002861023,83.02,138.31
2024-02-12,76.91999816894531,1.7680000066757202,83.02,138.46
2024-02-13,77.87000274658203,1.6890000104904175,83.02,140.17
2024-02-14,76.63999938964844,1.6089999675750732,83.02,137.95
2024-02-15,78.02999877929688,1.5809999704360962,83.02,140.45
2024-02-16,79.19000244140625,1.6089999675750732,83.02,142.54
2024-02-17,79.19000244140625,1.6089999675750732,83.02,142.54
2024-02-18,79.19000244140625,1.6089999675750732,83.02,142.54
2024-02-19,79.19000244140625,1.6089999675750732,82.94,142.54
2024-02-20,78.18000030517578,1.5759999752044678,82.94,140.72
2024-02-21,77.91000366210938,1.7730000019073486,82.94,140.24
2024-02-22,78.61000061035156,1.7319999933242798,82.94,141.5
2024-02-23,76.48999786376953,1.6030000448226929,82.94,137.68
2024-02-24,76.48999786376953,1.6030000448226929,82.94,137.68
2024-02-25,76.48999786376953,1.6030000448226929,82.94,137.68
2024-02-26,77.58000183105469,1.659000039100647,82.88,139.64
2024-02-27,78.87000274658203,1.6150000095367432,82.88,141.97
2024-02-28,78.54000091552734,1.8849999904632568,82.88,141.37
2024-02-29,78.26000213623047,1.8600000143051147,82.88,140.87
2024-03-01,79.97000122070312,1.8350000381469727,82.88,143.95
2024-03-02,79.97000122070312,1.8350000381469727,82.88,143.95
2024-03-03,79.97000122070312,1.8350000381469727,82.88,143.95
2024-03-04,78.73999786376953,1.9160000085830688,82.82,141.73
2024-03-05,78.1500015258789,1.9570000171661377,82.82,140.67
2024-03-06,79.12999725341797,1.9290000200271606,82.82,142.43
2024-03-07,78.93000030517578,1.8179999589920044,82.82,142.07
2024-03-08,78.01000213623047,1.8049999475479126,82.82,140.42
2024-03-09,78.01000213623047,1.8049999475479126,82.82,140.42
2024-03-10,78.01000213623047,1.8049999475479126,82.82,140.42
2024-03-11,77.93000030517578,1.7589999437332153,82.81,140.27
2024-03-12,77.55999755859375,1.7139999866485596,82.81,139.61
2024-03-13,79.72000122070312,1.6579999923706055,82.81,143.5
2024-03-14,81.26000213623047,1.7410000562667847,82.81,146.27
2024-03-15,81.04000091552734,1.6549999713897705,82.81,145.87
2024-03-16,81.04000091552734,1.6549999713897705,82.81,145.87
2024-03-17,81.04000091552734,1.6549999713897705,82.81,145.87
2024-03-18,82.72000122070312,1.7029999494552612,83.16,148.9
2024-03-19,83.47000122070312,1.74399995803833,83.16,150.25
2024-03-20,81.68000030517578,1.6990000009536743,83.16,147.02
2024-03-21,81.06999969482422,1.6829999685287476,83.16,145.93
2024-03-22,80.62999725341797,1.659000039100647,83.16,145.13
2024-03-23,80.62999725341797,1.659000039100647,83.16,145.13
2024-03-24,80.62999725341797,1.659000039100647,83.16,145.13
2024-03-25,81.94999694824219,1.6150000095367432,83.36,147.51
2024-03-26,81.62000274658203,1.5750000476837158,83.36,146.92
2024-03-27,81.3499984741211,1.718000054359436,83.36,146.43
2024-03-28,83.16999816894531,1.7630000114440918,83.36,149.71
2024-03-29,83.16999816894531,1.7630000114440918,83.36,149.71
2024-03-30,83.16999816894531,1.7630000114440918,83.36,149.71
2024-03-31,83.16999816894531,1.7630000114440918,83.36,149.71
2024-04-01,83.70999908447266,1.8370000123977661,83.4,150.68
2024-04-02,85.1500015258789,1.8619999885559082,83.4,153.27
2024-04-03,85.43000030517578,1.840999960899353,83.4,153.77
2024-04-04,86.58999633789062,1.7740000486373901,83.4,155.86
2024-04-05,86.91000366210938,1.784999966621399,83.4,156.44
2024-04-06,86.91000366210938,1.784999966621399,83.4,156.44
2024-04-07,86.91000366210938,1.784999966621399,83.4,156.44
2024-04-08,86.43000030517578,1.843999981880188,83.31,155.57
2024-04-09,85.2300033569336,1.871999979019165,83.31,153.41
2024-04-10,86.20999908447266,1.8849999904632568,83.31,155.18
2024-04-11,85.0199966430664,1.7640000581741333,83.31,153.04
2024-04-12,85.66000366210938,1.7699999809265137,83.31,154.19
2024-04-13,85.66000366210938,1.7699999809265137,83.31,154.19
2024-04-14,85.66000366210938,1.7699999809265137,83.31,154.19
2024-04-15,85.41000366210938,1.690999984741211,83.53,153.74
2024-04-16,85.36000061035156,1.7319999933242798,83.53,153.65
2024-04-17,82.69000244140625,1.7120000123977661,83.53,148.84
2024-04-18,82.7300033569336,1.7569999694824219,83.53,148.91
2024-04-19,83.13999938964844,1.7519999742507935,83.53,149.65
2024-04-20,83.13999938964844,1.7519999742507935,83.53,149.65
2024-04-21,83.13999938964844,1.7519999742507935,83.53,149.65
2024-04-22,82.8499984741211,1.7910000085830688,83.34,149.13
2024-04-23,83.36000061035156,1.812000036239624,83.34,150.05
2024-04-24,82.80999755859375,1.652999997138977,83.34,149.06
2024-04-25,83.56999969482422,1.6380000114440918,83.34,150.43
2024-04-26,83.8499984741211,1.6139999628067017,83.34,150.93
2024-04-27,83.8499984741211,1.6139999628067017,83.34,150.93
2024-04-28,83.8499984741211,1.6139999628067017,83.34,150.93
2024-04-29,82.62999725341797,2.0299999713897705,83.45,148.73
2024-04-30,81.93000030517578,1.9910000562667847,83.45,147.47
2024-05-01,79.0,1.9320000410079956,83.45,142.2
2024-05-02,78.94999694824219,2.0350000858306885,83.45,142.11
2024-05-03,78.11000061035156,2.1419999599456787,83.45,140.6
2024-05-04,78.11000061035156,2.1419999599456787,83.45,140.6
2024-05-05,78.11000061035156,2.1419999599456787,83.45,140.6
2024-05-06,78.4800033569336,2.194999933242798,83.5,141.26
2024-05-07,78.37999725341797,2.2070000171661377,83.5,141.08
2024-05-08,78.98999786376953,2.187000036239624,83.5,142.18
2024-05-09,79.26000213623047,2.3010001182556152,83.5,142.67
2024-05-10,78.26000213623047,2.252000093460083,83.5,140.87
2024-05-11,78.26000213623047,2.252000093460083,83.5,140.87
2024-05-12,78.26000213623047,2.252000093460083,83.5,140.87
2024-05-13,79.12000274658203,2.38100004196167,83.47,142.42
2024-05-14,78.0199966430664,2.3440001010894775,83.47,140.44
2024-05-15,78.62999725341797,2.4159998893737793,83.47,141.53
2024-05-16,79.2300033569336,2.494999885559082,83.47,142.61
2024-05-17,80.05999755859375,2.625999927520752,83.47,144.11
2024-05-18,80.05999755859375,2.625999927520752,83.47,144.11
2024-05-19,80.05999755859375,2.625999927520752,83.47,144.11
2024-05-20,79.80000305175781,2.750999927520752,83.25,143.64
2024-05-21,79.26000213623047,2.6710000038146973,83.25,142.67
2024-05-22,77.56999969482422,2.8420000076293945,83.25,139.63
2024-05-23,76.87000274658203,2.6570000648498535,83.25,138.37
2024-05-24,77.72000122070312,2.5199999809265137,83.25,139.9
2024-05-25,77.72000122070312,2.5199999809265137,83.25,139.9
2024-05-26,77.72000122070312,2.5199999809265137,83.25,139.9
2024-05-27,77.72000122070312,2.5199999809265137,83.28,139.9
2024-05-28,79.83000183105469,2.5899999141693115,83.28,143.69
2024-05-29,79.2300033569336,2.493000030517578,83.28,142.61
2024-05-30,77.91000366210938,2.572000026702881,83.28,140.24
2024-05-31,76.98999786376953,2.5869998931884766,83.28,138.58
2024-06-01,76.98999786376953,2.5869998931884766,83.28,138.58
2024-06-02,76.98999786376953,2.5869998931884766,83.28,138.58
2024-06-03,74.22000122070312,2.75600004196167,83.39,133.6
2024-06-04,73.25,2.5859999656677246,83.39,131.85
2024-06-05,74.06999969482422,2.756999969482422,83.39,133.33
2024-06-06,75.55000305175781,2.821000099182129,83.39,135.99
2024-06-07,75.52999877929688,2.9179999828338623,83.39,135.95
2024-06-08,75.52999877929688,2.9179999828338623,83.39,135.95
2024-06-09,75.52999877929688,2.9179999828338623,83.39,135.95
2024-06-10,77.73999786376953,2.9059998989105225,83.54,139.93
2024-06-11,77.9000015258789,3.128999948501587,83.54,140.22
2024-06-12,78.5,3.0450000762939453,83.54,141.3
2024-06-13,78.62000274658203,2.9590001106262207,83.54,141.52
2024-06-14,78.44999694824219,2.88100004196167,83.54,141.21
2024-06-15,78.44999694824219,2.88100004196167,83.54,141.21
2024-06-16,78.44999694824219,2.88100004196167,83.54,141.21
2024-06-17,80.33000183105469,2.7880001068115234,83.51,144.59
2024-06-18,81.56999969482422,2.9089999198913574,83.51,146.83
2024-06-19,81.56999969482422,2.9089999198913574,83.51,146.83
2024-06-20,82.16999816894531,2.740999937057495,83.51,147.91
2024-06-21,80.7300033569336,2.7049999237060547,83.51,145.31
2024-06-22,80.7300033569336,2.7049999237060547,83.51,145.31
2024-06-23,80.7300033569336,2.7049999237060547,83.51,145.31
2024-06-24,81.62999725341797,2.811000108718872,83.46,146.93
2024-06-25,80.83000183105469,2.75600004196167,83.46,145.49
2024-06-26,80.9000015258789,2.628000020980835,83.46,145.62
2024-06-27,81.73999786376953,2.684999942779541,83.46,147.13
2024-06-28,81.54000091552734,2.6010000705718994,83.46,146.77
2024-06-29,81.54000091552734,2.6010000705718994,83.46,146.77
2024-06-30,81.54000091552734,2.6010000705718994,83.46,146.77
2024-07-01,83.37999725341797,2.4779999256134033,83.48,150.08
2024-07-02,82.80999755859375,2.434999942779541,83.48,149.06
2024-07-03,83.87999725341797,2.4179999828338623,83.48,150.98
2024-07-04,83.87999725341797,2.4179999828338623,83.48,150.98
2024-07-05,83.16000366210938,2.319000005722046,83.48,149.69
2024-07-06,83.16000366210938,2.319000005722046,83.48,149.69
2024-07-07,83.16000366210938,2.319000005722046,83.48,149.69
2024-07-08,82.33000183105469,2.365999937057495,83.52,148.19
2024-07-09,81.41000366210938,2.3440001010894775,83.52,146.54
2024-07-10,82.0999984741211,2.3289999961853027,83.52,147.78
2024-07-11,82.62000274658203,2.2679998874664307,83.52,148.72
2024-07-12,82.20999908447266,2.3289999961853027,83.52,147.98
2024-07-13,82.20999908447266,2.3289999961853027,83.52,147.98
2024-07-14,82.20999908447266,2.3289999961853027,83.52,147.98
2024-07-15,81.91000366210938,2.1579999923706055,83.6,147.44
2024-07-16,80.76000213623047,2.187999963760376,83.6,145.37
2024-07-17,82.8499984741211,2.0350000858306885,83.6,149.13
2024-07-18,82.81999969482422,2.125,83.6,149.08
2024-07-19,80.12999725341797,2.128000020980835,83.6,144.23
2024-07-20,80.12999725341797,2.128000020980835,83.6,144.23
2024-07-21,80.12999725341797,2.128000020980835,83.6,144.23
2024-07-22,79.77999877929688,2.250999927520752,83.72,143.6
2024-07-23,76.95999908447266,2.187000036239624,83.72,138.53
2024-07-24,77.58999633789062,2.117000102996826,83.72,139.66
2024-07-25,78.27999877929688,2.0409998893737793,83.72,140.9
2024-07-26,77.16000366210938,2.00600004196167,83.72,138.89
2024-07-27,77.16000366210938,2.00600004196167,83.72,138.89
2024-07-28,77.16000366210938,2.00600004196167,83.72,138.89
2024-07-29,75.80999755859375,1.906999945640564,83.72,136.46
2024-07-30,74.7300033569336,2.125999927520752,83.72,134.51
2024-07-31,77.91000366210938,2.0360000133514404,83.72,140.24
2024-08-01,76.30999755859375,1.968000054359436,83.72,137.36
2024-08-02,73.5199966430664,1.9670000076293945,83.72,132.34
2024-08-03,73.5199966430664,1.9670000076293945,83.72,132.34
2024-08-04,73.5199966430664,1.9670000076293945,83.72,132.34
2024-08-05,72.94000244140625,1.9420000314712524,83.99,131.29
2024-08-06,73.19999694824219,2.009999990463257,83.99,131.76
2024-08-07,75.2300033569336,2.111999988555908,83.99,135.41
2024-08-08,76.19000244140625,2.127000093460083,83.99,137.14
2024-08-09,76.83999633789062,2.1429998874664307,83.99,138.31
2024-08-10,76.83999633789062,2.1429998874664307,83.99,138.31
2024-08-11,76.83999633789062,2.1429998874664307,83.99,138.31
2024-08-12,80.05999755859375,2.188999891281128,83.95,144.11
2024-08-13,78.3499984741211,2.1480000019073486,83.95,141.03
2024-08-14,76.9800033569336,2.2190001010894775,83.95,138.56
2024-08-15,78.16000366210938,2.197000026702881,83.95,140.69
2024-08-16,76.6500015258789,2.122999906539917,83.95,137.97
2024-08-17,76.6500015258789,2.122999906539917,83.95,137.97
2024-08-18,76.6500015258789,2.122999906539917,83.95,137.97
2024-08-19,74.37000274658203,2.234999895095825,83.88,133.87
2024-08-20,74.04000091552734,2.197999954223633,83.88,133.27
2024-08-21,71.93000030517578,2.177000045776367,83.88,129.47
2024-08-22,73.01000213623047,2.052999973297119,83.88,131.42
2024-08-23,74.83000183105469,2.0220000743865967,83.88,134.69
2024-08-24,74.83000183105469,2.0220000743865967,83.88,134.69
2024-08-25,74.83000183105469,2.0220000743865967,83.88,134.69
2024-08-26,77.41999816894531,1.9559999704360962,83.91,139.36
2024-08-27,75.52999877929688,1.9040000438690186,83.91,135.95
2024-08-28,74.5199966430664,1.9299999475479126,83.91,134.14
2024-08-29,75.91000366210938,2.13700008392334,83.91,136.64
2024-08-30,73.55000305175781,2.127000093460083,83.91,132.39
2024-08-31,73.55000305175781,2.127000093460083,83.91,132.39
2024-09-01,73.55000305175781,2.127000093460083,83.91,132.39
2024-09-02,73.55000305175781,2.127000093460083,83.96,132.39
2024-09-03,70.33999633789062,2.203000068664551,83.96,126.61
2024-09-04,69.19999694824219,2.1449999809265137,83.96,124.56
2024-09-05,69.1500015258789,2.253999948501587,83.96,124.47
2024-09-06,67.66999816894531,2.2750000953674316,83.96,121.81
2024-09-07,67.66999816894531,2.2750000953674316,83.96,121.81
2024-09-08,67.66999816894531,2.2750000953674316,83.96,121.81
2024-09-09,68.70999908447266,2.1700000762939453,83.95,123.68
2024-09-10,65.75,2.2320001125335693,83.95,118.35
2024-09-11,67.30999755859375,2.2699999809265137,83.95,121.16
2024-09-12,68.97000122070312,2.3570001125335693,83.95,124.15
2024-09-13,68.6500015258789,2.305000066757202,83.95,123.57
2024-09-14,68.6500015258789,2.305000066757202,83.95,123.57
2024-09-15,68.6500015258789,2.305000066757202,83.95,123.57
2024-09-16,70.08999633789062,2.372999906539917,83.71,126.16
2024-09-17,71.19000244140625,2.3239998817443848,83.71,128.14
2024-09-18,70.91000366210938,2.2839999198913574,83.71,127.64
2024-09-19,71.94999694824219,2.3480000495910645,83.71,129.51
2024-09-20,71.91999816894531,2.434000015258789,83.71,129.46
2024-09-21,71.91999816894531,2.434000015258789,83.71,129.46
2024-09-22,71.91999816894531,2.434000015258789,83.71,129.46
2024-09-23,70.37000274658203,2.61299991607666,83.63,126.67
2024-09-24,71.55999755859375,2.5510001182556152,83.63,128.81
2024-09-25,69.69000244140625,2.63700008392334,83.63,125.44
2024-09-26,67.66999816894531,2.5850000381469727,83.63,121.81
2024-09-27,68.18000030517578,2.9019999504089355,83.63,122.72
2024-09-28,68.18000030517578,2.9019999504089355,83.63,122.72
2024-09-29,68.18000030517578,2.9019999504089355,83.63,122.72
2024-09-30,68.16999816894531,2.9230000972747803,83.91,122.71
2024-10-01,69.83000183105469,2.8959999084472656,83.91,125.69
2024-10-02,70.0999984741211,2.885999917984009,83.91,126.18
2024-10-03,73.70999908447266,2.9700000286102295,83.91,132.68
2024-10-04,74.37999725341797,2.8540000915527344,83.91,133.88
2024-10-05,74.37999725341797,2.8540000915527344,83.91,133.88
2024-10-06,74.37999725341797,2.8540000915527344,83.91,133.88
2024-10-07,77.13999938964844,2.746000051498413,83.99,138.85
2024-10-08,73.56999969482422,2.7330000400543213,83.99,132.43
2024-10-09,73.23999786376953,2.6600000858306885,83.99,131.83
2024-10-10,75.8499984741211,2.674999952316284,83.99,136.53
2024-10-11,75.55999755859375,2.631999969482422,83.99,136.01
2024-10-12,75.55999755859375,2.631999969482422,83.99,136.01
2024-10-13,75.55999755859375,2.631999969482422,83.99,136.01
2024-10-14,73.83000183105469,2.49399995803833,84.03,132.89
2024-10-15,70.58000183105469,2.497999906539917,84.03,127.04
2024-10-16,70.38999938964844,2.367000102996826,84.03,126.7
2024-10-17,70.66999816894531,2.3469998836517334,84.03,127.21
2024-10-18,69.22000122070312,2.257999897003174,84.03,124.6
2024-10-19,69.22000122070312,2.257999897003174,84.03,124.6
2024-10-20,69.22000122070312,2.257999897003174,84.03,124.6
2024-10-21,70.55999755859375,2.312000036239624,84.08,127.01
2024-10-22,72.08999633789062,2.311000108718872,84.08,129.76
2024-10-23,70.7699966430664,2.3420000076293945,84.08,127.39
2024-10-24,70.19000244140625,2.5220000743865967,84.08,126.34
2024-10-25,71.77999877929688,2.559999942779541,84.08,129.2
2024-10-26,71.77999877929688,2.559999942779541,84.08,129.2
2024-10-27,71.77999877929688,2.559999942779541,84.08,129.2
2024-10-28,67.37999725341797,2.309000015258789,84.07,121.28
2024-10-29,67.20999908447266,2.3459999561309814,84.07,120.98
2024-10-30,68.61000061035156,2.8450000286102295,84.07,123.5
2024-10-31,69.26000213623047,2.7070000171661377,84.07,124.67
2024-11-01,69.48999786376953,2.6630001068115234,84.07,125.08
2024-11-02,69.48999786376953,2.6630001068115234,84.07,125.08
2024-11-03,69.48999786376953,2.6630001068115234,84.07,125.08
2024-11-04,71.47000122070312,2.7809998989105225,84.25,128.65
2024-11-05,71.98999786376953,2.6700000762939453,84.25,129.58
2024-11-06,71.69000244140625,2.746999979019165,84.25,129.04
2024-11-07,72.36000061035156,2.693000078201294,84.25,130.25
2024-11-08,70.37999725341797,2.6689999103546143,84.25,126.68
2024-11-09,70.37999725341797,2.6689999103546143,84.25,126.68
2024-11-10,70.37999725341797,2.6689999103546143,84.25,126.68
2024-11-11,68.04000091552734,2.9200000762939453,84.41,122.47
2024-11-12,68.12000274658203,2.9070000648498535,84.41,122.62
2024-11-13,68.43000030517578,2.9830000400543213,84.41,123.17
2024-11-14,68.69999694824219,2.7850000858306885,84.41,123.66
2024-11-15,67.0199966430664,2.822999954223633,84.41,120.64
2024-11-16,67.0199966430664,2.822999954223633,84.41,120.64
2024-11-17,67.0199966430664,2.822999954223633,84.41,120.64
2024-11-18,69.16000366210938,2.9730000495910645,84.42,124.49
2024-11-19,69.38999938964844,2.997999906539917,84.42,124.9
2024-11-20,68.87000274658203,3.193000078201294,84.42,123.97
2024-11-21,70.0999984741211,3.3389999866485596,84.42,126.18
2024-11-22,71.23999786376953,3.128999948501587,84.42,128.23
2024-11-23,71.23999786376953,3.128999948501587,84.42,128.23
2024-11-24,71.23999786376953,3.128999948501587,84.42,128.23
2024-11-25,68.94000244140625,3.36899995803833,84.42,124.09
2024-11-26,68.7699966430664,3.430999994277954,84.42,123.79
2024-11-27,68.72000122070312,3.2039999961853027,84.42,123.7
2024-11-28,68.72000122070312,3.2039999961853027,84.42,123.7
2024-11-29,68.0,3.36299991607666,84.42,122.4
2024-11-30,68.0,3.36299991607666,84.42,122.4
2024-12-01,68.0,3.36299991607666,84.42,122.4
2024-12-02,68.0999984741211,3.2130000591278076,84.7,122.58
2024-12-03,69.94000244140625,3.0420000553131104,84.7,125.89
2024-12-04,68.54000091552734,3.0429999828338623,84.7,123.37
2024-12-05,68.30000305175781,3.0789999961853027,84.7,122.94
2024-12-06,67.19999694824219,3.0759999752044678,84.7,120.96
2024-12-07,67.19999694824219,3.0759999752044678,84.7,120.96
2024-12-08,67.19999694824219,3.0759999752044678,84.7,120.96
2024-12-09,68.37000274658203,3.181999921798706,84.86,123.07
2024-12-10,68.58999633789062,3.1630001068115234,84.86,123.46
2024-12-11,70.29000091552734,3.378000020980835,84.86,126.52
2024-12-12,70.0199966430664,3.4549999237060547,84.86,126.04
2024-12-13,71.29000091552734,3.2799999713897705,84.86,128.32
2024-12-14,71.29000091552734,3.2799999713897705,84.86,128.32
2024-12-15,71.29000091552734,3.2799999713897705,84.86,128.32
2024-12-16,70.70999908447266,3.2139999866485596,84.98,127.28
2024-12-17,70.08000183105469,3.308000087738037,84.98,126.14
2024-12-18,70.58000183105469,3.374000072479248,84.98,127.04
2024-12-19,69.91000366210938,3.5840001106262207,84.98,125.84
2024-12-20,69.45999908447266,3.747999906539917,84.98,125.03
2024-12-21,69.45999908447266,3.747999906539917,84.98,125.03
2024-12-22,69.45999908447266,3.747999906539917,84.98,125.03
2024-12-23,69.23999786376953,3.6559998989105225,85.25,124.63
2024-12-24,70.0999984741211,3.946000099182129,85.25,126.18
2024-12-25,70.0999984741211,3.946000099182129,85.25,126.18
2024-12-26,69.62000274658203,3.7149999141693115,85.25,125.32
2024-12-27,70.5999984741211,3.5139999389648438,85.25,127.08
2024-12-28,70.5999984741211,3.5139999389648438,85.25,127.08
2024-12-29,70.5999984741211,3.5139999389648438,85.25,127.08
2024-12-30,70.98999786376953,3.936000108718872,85.65,127.78
2024-12-31,71.72000122070312,3.632999897003174,85.65,129.1
2025-01-01,71.72000122070312,3.632999897003174,85.65,129.1
2025-01-02,73.12999725341797,3.6600000858306885,85.65,131.63
2025-01-03,73.95999908447266,3.3540000915527344,85.65,133.13
2025-01-04,73.95999908447266,3.3540000915527344,85.65,133.13
2025-01-05,73.95999908447266,3.3540000915527344,85.65,133.13
2025-01-06,73.55999755859375,3.671999931335449,85.82,132.41
2025-01-07,74.25,3.4489998817443848,85.82,133.65
2025-01-08,73.31999969482422,3.6510000228881836,85.82,131.98
2025-01-09,73.91999816894531,3.7009999752044678,85.82,133.06
2025-01-10,76.56999969482422,3.989000082015991,85.82,137.83
2025-01-11,76.56999969482422,3.989000082015991,85.82,137.83
2025-01-12,76.56999969482422,3.989000082015991,85.82,137.83
2025-01-13,78.81999969482422,3.934000015258789,86.57,141.88
2025-01-14,77.5,3.9679999351501465,86.57,139.5
2025-01-15,80.04000091552734,4.083000183105469,86.57,144.07
2025-01-16,78.68000030517578,4.257999897003174,86.57,141.62
2025-01-17,77.87999725341797,3.947999954223633,86.57,140.18
2025-01-18,77.87999725341797,3.947999954223633,86.57,140.18
2025-01-19,77.87999725341797,3.947999954223633,86.57,140.18
2025-01-20,77.87999725341797,3.947999954223633,86.45,140.18
2025-01-21,75.88999938964844,3.75600004196167,86.45,136.6
2025-01-22,75.44000244140625,3.9600000381469727,86.45,135.79
2025-01-23,74.62000274658203,3.944999933242798,86.45,134.32
2025-01-24,74.66000366210938,4.0269999504089355,86.45,134.39
2025-01-25,74.66000366210938,4.0269999504089355,86.45,134.39
2025-01-26,74.66000366210938,4.0269999504089355,86.45,134.39
2025-01-27,73.16999816894531,3.697000026702881,86.52,131.71
2025-01-28,73.7699966430664,3.4709999561309814,86.52,132.79
2025-01-29,72.62000274658203,3.5350000858306885,86.52,130.72
2025-01-30,72.7300033569336,3.046999931335449,86.52,130.91
2025-01-31,72.52999877929688,3.0439999103546143,86.52,130.55
2025-02-01,72.52999877929688,3.0439999103546143,86.52,130.55
2025-02-02,72.52999877929688,3.0439999103546143,86.52,130.55
2025-02-03,73.16000366210938,3.3519999980926514,87.33,131.69
2025-02-04,72.69999694824219,3.253000020980835,87.33,130.86
2025-02-05,71.02999877929688,3.359999895095825,87.33,127.85
2025-02-06,70.61000061035156,3.4079999923706055,87.33,127.1
2025-02-07,71.0,3.309000015258789,87.33,127.8
2025-02-08,71.0,3.309000015258789,87.33,127.8
2025-02-09,71.0,3.309000015258789,87.33,127.8
2025-02-10,72.31999969482422,3.444000005722046,86.95,130.18
2025-02-11,73.31999969482422,3.5190000534057617,86.95,131.98
2025-02-12,71.37000274658203,3.565000057220459,86.95,128.47
2025-02-13,71.29000091552734,3.628000020980835,86.95,128.32
2025-02-14,70.73999786376953,3.7249999046325684,86.95,127.33
2025-02-15,70.73999786376953,3.7249999046325684,86.95,127.33
2025-02-16,70.73999786376953,3.7249999046325684,86.95,127.33
2025-02-17,70.73999786376953,3.7249999046325684,86.79,127.33
2025-02-18,71.8499984741211,4.006999969482422,86.79,129.33
2025-02-19,72.25,4.28000020980835,86.79,130.05
2025-02-20,72.56999969482422,4.1519999504089355,86.79,130.63
2025-02-21,70.4000015258789,4.234000205993652,86.79,126.72
2025-02-22,70.4000015258789,4.234000205993652,86.79,126.72
2025-02-23,70.4000015258789,4.234000205993652,86.79,126.72
2025-02-24,70.69999694824219,3.99399995803833,87.1,127.26
2025-02-25,68.93000030517578,4.173999786376953,87.1,124.07
2025-02-26,68.62000274658203,3.9059998989105225,87.1,123.52
2025-02-27,70.3499984741211,3.934000015258789,87.1,126.63
2025-02-28,69.76000213623047,3.8340001106262207,87.1,125.57
2025-03-01,69.76000213623047,3.8340001106262207,87.1,125.57
2025-03-02,69.76000213623047,3.8340001106262207,87.1,125.57
2025-03-03,68.37000274658203,4.122000217437744,87.11,123.07
2025-03-04,68.26000213623047,4.349999904632568,87.11,122.87
2025-03-05,66.30999755859375,4.449999809265137,87.11,119.36
2025-03-06,66.36000061035156,4.302000045776367,87.11,119.45
2025-03-07,67.04000091552734,4.39900016784668,87.11,120.67
2025-03-08,67.04000091552734,4.39900016784668,87.11,120.67
2025-03-09,67.04000091552734,4.39900016784668,87.11,120.67
2025-03-10,66.02999877929688,4.491000175476074,87.14,118.85
2025-03-11,66.25,4.453000068664551,87.14,119.25
2025-03-12,67.68000030517578,4.084000110626221,87.14,121.82
2025-03-13,66.55000305175781,4.111000061035156,87.14,119.79
2025-03-14,67.18000030517578,4.104000091552734,87.14,120.92
2025-03-15,67.18000030517578,4.104000091552734,87.14,120.92
2025-03-16,67.18000030517578,4.104000091552734,87.14,120.92
2025-03-17,67.58000183105469,4.01800012588501,86.41,121.64
2025-03-18,66.9000015258789,4.052000045776367,86.41,120.42
2025-03-19,67.16000366210938,4.247000217437744,86.41,120.89
2025-03-20,68.26000213623047,3.9749999046325684,86.41,122.87
2025-03-21,68.27999877929688,3.9800000190734863,86.41,122.9
2025-03-22,68.27999877929688,3.9800000190734863,86.41,122.9
2025-03-23,68.27999877929688,3.9800000190734863,86.41,122.9
2025-03-24,69.11000061035156,3.9140000343322754,85.63,124.4
2025-03-25,69.0,3.8399999141693115,85.63,124.2
2025-03-26,69.6500015258789,3.8610000610351562,85.63,125.37
2025-03-27,69.91999816894531,3.950000047683716,85.63,125.86
2025-03-28,69.36000061035156,4.065000057220459,85.63,124.85
2025-03-29,69.36000061035156,4.065000057220459,85.63,124.85
2025-03-30,69.36000061035156,4.065000057220459,85.63,124.85
2025-03-31,71.4800033569336,4.11899995803833,85.45,128.66
2025-04-01,71.19999694824219,3.9509999752044678,85.45,128.16
2025-04-02,71.70999908447266,4.054999828338623,85.45,129.08
2025-04-03,66.94999694824219,4.138000011444092,85.45,120.51
2025-04-04,61.9900016784668,3.8369998931884766,85.45,111.58
2025-04-05,61.9900016784668,3.8369998931884766,85.45,111.58
2025-04-06,61.9900016784668,3.8369998931884766,85.45,111.58
2025-04-07,60.70000076293945,3.6549999713897705,86.18,109.26
2025-04-08,59.58000183105469,3.4649999141693115,86.18,107.24
2025-04-09,62.349998474121094,3.815999984741211,86.18,112.23
2025-04-10,60.06999969482422,3.556999921798706,86.18,108.13
2025-04-11,61.5,3.5269999504089355,86.18,110.7
2025-04-12,61.5,3.5269999504089355,86.18,110.7
2025-04-13,61.5,3.5269999504089355,86.18,110.7
2025-04-14,61.529998779296875,3.325000047683716,85.73,110.75
2025-04-15,61.33000183105469,3.3289999961853027,85.73,110.39
2025-04-16,62.470001220703125,3.246999979019165,85.73,112.45
2025-04-17,64.68000030517578,3.244999885559082,85.73,116.42
2025-04-18,64.68000030517578,3.244999885559082,85.73,116.42
2025-04-19,64.68000030517578,3.244999885559082,85.73,116.42
2025-04-20,64.68000030517578,3.244999885559082,85.73,116.42
2025-04-21,63.08000183105469,3.0160000324249268,85.34,113.54
2025-04-22,64.30999755859375,3.006999969482422,85.34,115.76
2025-04-23,62.27000045776367,3.0220000743865967,85.34,112.09
2025-04-24,62.790000915527344,2.930000066757202,85.34,113.02
2025-04-25,63.02000045776367,2.937000036239624,85.34,113.44
2025-04-26,63.02000045776367,2.937000036239624,85.34,113.44
2025-04-27,63.02000045776367,2.937000036239624,85.34,113.44
2025-04-28,62.04999923706055,3.1700000762939453,84.75,111.69
2025-04-29,60.41999816894531,3.385999917984009,84.75,108.76
2025-04-30,58.209999084472656,3.3259999752044678,84.75,104.78
2025-05-01,59.2400016784668,3.4790000915527344,84.75,106.63
2025-05-02,58.290000915527344,3.630000114440918,84.75,104.92
2025-05-03,58.290000915527344,3.630000114440918,84.75,104.92
2025-05-04,58.290000915527344,3.630000114440918,84.75,104.92
2025-05-05,57.130001068115234,3.549999952316284,84.87,102.83
2025-05-06,59.09000015258789,3.4630000591278076,84.87,106.36
2025-05-07,58.06999969482422,3.621000051498413,84.87,104.53
2025-05-08,59.90999984741211,3.5920000076293945,84.87,107.84
2025-05-09,61.02000045776367,3.7950000762939453,84.87,109.84
2025-05-10,61.02000045776367,3.7950000762939453,84.87,109.84
2025-05-11,61.02000045776367,3.7950000762939453,84.87,109.84
2025-05-12,61.95000076293945,3.6459999084472656,85.34,111.51
2025-05-13,63.66999816894531,3.6470000743865967,85.34,114.61
2025-05-14,63.150001525878906,3.492000102996826,85.34,113.67
2025-05-15,61.619998931884766,3.361999988555908,85.34,110.92
2025-05-16,62.4900016784668,3.3340001106262207,85.34,112.48
2025-05-17,62.4900016784668,3.3340001106262207,85.34,112.48
2025-05-18,62.4900016784668,3.3340001106262207,85.34,112.48
2025-05-19,62.689998626708984,3.11299991607666,85.59,112.84
2025-05-20,62.560001373291016,3.427000045776367,85.59,112.61
2025-05-21,61.56999969482422,3.368000030517578,85.59,110.83
2025-05-22,61.20000076293945,3.253000020980835,85.59,110.16
2025-05-23,61.529998779296875,3.3340001106262207,85.59,110.75
2025-05-24,61.529998779296875,3.3340001106262207,85.59,110.75
2025-05-25,61.529998779296875,3.3340001106262207,85.59,110.75
2025-05-26,61.529998779296875,3.3340001106262207,85.38,110.75
2025-05-27,60.88999938964844,3.3980000019073486,85.38,109.6
2025-05-28,61.84000015258789,3.2039999961853027,85.38,111.31
2025-05-29,60.939998626708984,3.5220000743865967,85.38,109.69
2025-05-30,60.790000915527344,3.447000026702881,85.38,109.42
2025-05-31,60.790000915527344,3.447000026702881,85.38,109.42
2025-06-01,60.790000915527344,3.447000026702881,85.38,109.42
2025-06-02,62.52000045776367,3.694000005722046,85.69,112.54
2025-06-03,63.40999984741211,3.7219998836517334,85.69,114.14
2025-06-04,62.849998474121094,3.7160000801086426,85.69,113.13
2025-06-05,63.369998931884766,3.677000045776367,85.69,114.07
2025-06-06,64.58000183105469,3.7839999198913574,85.69,116.24
2025-06-07,64.58000183105469,3.7839999198913574,85.69,116.24
2025-06-08,64.58000183105469,3.7839999198913574,85.69,116.24
2025-06-09,65.29000091552734,3.634999990463257,85.68,117.52
2025-06-10,64.9800033569336,3.5329999923706055,85.68,116.96
2025-06-11,68.1500015258789,3.506999969482422,85.68,122.67
2025-06-12,68.04000091552734,3.492000102996826,85.68,122.47
2025-06-13,72.9800033569336,3.5810000896453857,85.68,131.36
2025-06-14,72.9800033569336,3.5810000896453857,85.68,131.36
2025-06-15,72.9800033569336,3.5810000896453857,85.68,131.36
2025-06-16,71.7699966430664,3.747999906539917,86.41,129.19
2025-06-17,74.83999633789062,3.8510000705718994,86.41,134.71
2025-06-18,75.13999938964844,3.989000082015991,86.41,135.25
2025-06-19,75.13999938964844,3.989000082015991,86.41,135.25
2025-06-20,74.93000030517578,3.8469998836517334,86.41,134.87
2025-06-21,74.93000030517578,3.8469998836517334,86.41,134.87
2025-06-22,74.93000030517578,3.8469998836517334,86.41,134.87
2025-06-23,68.51000213623047,3.697999954223633,86.03,123.32
2025-06-24,64.37000274658203,3.5369999408721924,86.03,115.87
2025-06-25,64.91999816894531,3.4059998989105225,86.03,116.86
2025-06-26,65.23999786376953,3.260999917984009,86.03,117.43
2025-06-27,65.5199966430664,3.739000082015991,86.03,117.94
2025-06-28,65.5199966430664,3.739000082015991,86.03,117.94
2025-06-29,65.5199966430664,3.739000082015991,86.03,117.94
2025-06-30,65.11000061035156,3.4560000896453857,85.56,117.2
2025-07-01,65.44999694824219,3.4149999618530273,85.56,117.81
2025-07-02,67.44999694824219,3.48799991607666,85.56,121.41
2025-07-03,67.0,3.4089999198913574,85.56,120.6
2025-07-04,66.5,3.38700008392334,85.56,119.7
2025-07-05,66.5,3.38700008392334,85.56,119.7
2025-07-06,66.5,3.38700008392334,85.56,119.7
2025-07-07,67.93000030517578,3.4119999408721924,85.78,122.27
2025-07-08,68.33000183105469,3.3399999141693115,85.78,122.99
2025-07-09,68.37999725341797,3.2139999866485596,85.78,123.08
2025-07-10,66.56999969482422,3.3369998931884766,85.78,119.83
2025-07-11,68.44999694824219,3.313999891281128,85.78,123.21
2025-07-12,68.44999694824219,3.313999891281128,85.78,123.21
2025-07-13,68.44999694824219,3.313999891281128,85.78,123.21
2025-07-14,66.9800033569336,3.4660000801086426,86.02,120.56
2025-07-15,66.5199966430664,3.5230000019073486,86.02,119.74
2025-07-16,66.37999725341797,3.5510001182556152,86.02,119.48
2025-07-17,67.54000091552734,3.5420000553131104,86.02,121.57
2025-07-18,67.33999633789062,3.565000057220459,86.02,121.21
2025-07-19,67.33999633789062,3.565000057220459,86.02,121.21
2025-07-20,67.33999633789062,3.565000057220459,86.02,121.21
2025-07-21,67.19999694824219,3.325000047683716,86.41,120.96
2025-07-22,66.20999908447266,3.252000093460083,86.41,119.18
2025-07-23,65.25,3.0769999027252197,86.41,117.45
2025-07-24,66.02999877929688,3.0940001010894775,86.41,118.85
2025-07-25,65.16000366210938,3.109999895095825,86.41,117.29
2025-07-26,65.16000366210938,3.109999895095825,86.41,117.29
2025-07-27,65.16000366210938,3.109999895095825,86.41,117.29
2025-07-28,66.70999908447266,2.98799991607666,87.23,120.08
2025-07-29,69.20999908447266,3.0810000896453857,87.23,124.58
2025-07-30,70.0,3.0450000762939453,87.23,126.0
2025-07-31,69.26000213623047,3.1059999465942383,87.23,124.67
2025-08-01,67.33000183105469,3.0829999446868896,87.23,121.19
2025-08-02,67.33000183105469,3.0829999446868896,87.23,121.19
2025-08-03,67.33000183105469,3.0829999446868896,87.23,121.19
2025-08-04,66.29000091552734,2.931999921798706,87.66,119.32
2025-08-05,65.16000366210938,3.009999990463257,87.66,117.29
2025-08-06,64.3499984741211,3.0769999027252197,87.66,115.83
2025-08-07,63.880001068115234,3.066999912261963,87.66,114.98
2025-08-08,63.880001068115234,2.990000009536743,87.66,114.98
2025-08-09,63.880001068115234,2.990000009536743,87.66,114.98
2025-08-10,63.880001068115234,2.990000009536743,87.66,114.98
2025-08-11,63.959999084472656,2.9539999961853027,87.58,115.13
2025-08-12,63.16999816894531,2.808000087738037,87.58,113.71
2025-08-13,62.650001525878906,2.828000068664551,87.58,112.77
2025-08-14,63.959999084472656,2.8410000801086426,87.58,115.13
2025-08-15,62.79999923706055,2.9159998893737793,87.58,113.04
2025-08-16,62.79999923706055,2.9159998893737793,87.58,113.04
2025-08-17,62.79999923706055,2.9159998893737793,87.58,113.04
2025-08-18,63.41999816894531,2.890000104904175,87.26,114.16
2025-08-19,62.349998474121094,2.7660000324249268,87.26,112.23
2025-08-20,63.209999084472656,2.752000093460083,87.26,113.78
2025-08-21,63.52000045776367,2.8259999752044678,87.26,114.34
2025-08-22,63.65999984741211,2.697999954223633,87.26,114.59
2025-08-23,63.65999984741211,2.697999954223633,87.26,114.59
2025-08-24,63.65999984741211,2.697999954223633,87.26,114.59
2025-08-25,64.80000305175781,2.696000099182129,87.74,116.64
2025-08-26,63.25,2.7170000076293945,87.74,113.85
2025-08-27,64.1500015258789,2.867000102996826,87.74,115.47
2025-08-28,64.5999984741211,2.944000005722046,87.74,116.28
2025-08-29,64.01000213623047,2.996999979019165,87.74,115.22
2025-08-30,64.01000213623047,2.996999979019165,87.74,115.22
2025-08-31,64.01000213623047,2.996999979019165,87.74,115.22
2025-09-01,64.01000213623047,2.996999979019165,88.13,115.22
2025-09-02,65.58999633789062,3.009000062942505,88.13,118.06
2025-09-03,63.970001220703125,3.063999891281128,88.13,115.15
2025-09-04,63.47999954223633,3.0739998817443848,88.13,114.26
2025-09-05,61.869998931884766,3.0480000972747803,88.13,111.37
2025-09-06,61.869998931884766,3.0480000972747803,88.13,111.37
2025-09-07,61.869998931884766,3.0480000972747803,88.13,111.37
2025-09-08,62.2599983215332,3.0899999141693115,88.2,112.07
2025-09-09,62.630001068115234,3.117000102996826,88.2,112.73
2025-09-10,63.66999816894531,3.0290000438690186,88.2,114.61
2025-09-11,62.369998931884766,2.934000015258789,88.2,112.27
2025-09-12,62.689998626708984,2.940999984741211,88.2,112.84
2025-09-13,62.689998626708984,2.940999984741211,88.2,112.84
2025-09-14,62.689998626708984,2.940999984741211,88.2,112.84
2025-09-15,63.29999923706055,3.0429999828338623,88.06,113.94
2025-09-16,64.5199966430664,3.1029999256134033,88.06,116.14
2025-09-17,64.05000305175781,3.0999999046325684,88.06,115.29
2025-09-18,63.56999969482422,2.938999891281128,88.06,114.43
2025-09-19,62.68000030517578,2.888000011444092,88.06,112.82
2025-09-20,62.68000030517578,2.888000011444092,88.06,112.82
2025-09-21,62.68000030517578,2.888000011444092,88.06,112.82
2025-09-22,62.63999938964844,2.805999994277954,88.64,112.75
2025-09-23,63.40999984741211,2.8529999256134033,88.64,114.14
2025-09-24,64.98999786376953,2.8580000400543213,88.64,116.98
2025-09-25,64.9800033569336,2.9040000438690186,88.64,116.96
2025-09-26,65.72000122070312,2.8350000381469727,88.64,118.3
2025-09-27,65.72000122070312,2.8350000381469727,88.64,118.3
2025-09-28,65.72000122070312,2.8350000381469727,88.64,118.3
2025-09-29,63.45000076293945,3.2669999599456787,88.76,114.21
2025-09-30,62.369998931884766,3.302999973297119,88.76,112.27
2025-10-01,61.779998779296875,3.4760000705718994,88.76,111.2
2025-10-02,60.47999954223633,3.441999912261963,88.76,108.86
2025-10-03,60.880001068115234,3.3239998817443848,88.76,109.58
2025-10-04,60.880001068115234,3.3239998817443848,88.76,109.58
2025-10-05,60.880001068115234,3.3239998817443848,88.76,109.58
2025-10-06,61.689998626708984,3.3570001125335693,88.76,111.04
2025-10-07,61.72999954223633,3.497999906539917,88.76,111.11
2025-10-08,62.54999923706055,3.3329999446868896,88.76,112.59
2025-10-09,61.5099983215332,3.2690000534057617,88.76,110.72
2025-10-10,58.900001525878906,3.1059999465942383,88.76,106.02
2025-10-11,58.900001525878906,3.1059999465942383,88.76,106.02
2025-10-12,58.900001525878906,3.1059999465942383,88.76,106.02
2025-10-13,59.4900016784668,3.118000030517578,88.29,107.08
2025-10-14,58.70000076293945,3.0280001163482666,88.29,105.66
2025-10-15,58.27000045776367,3.0160000324249268,88.29,104.89
2025-10-16,57.459999084472656,2.937999963760376,88.29,103.43
2025-10-17,57.540000915527344,3.007999897003174,88.29,103.57
2025-10-18,57.540000915527344,3.007999897003174,88.29,103.57
2025-10-19,57.540000915527344,3.007999897003174,88.29,103.57
2025-10-20,57.52000045776367,3.3970000743865967,87.98,103.54
2025-10-21,57.81999969482422,3.4739999771118164,87.98,104.08
2025-10-22,58.5,3.450000047683716,87.98,105.3
2025-10-23,61.790000915527344,3.3440001010894775,87.98,111.22
2025-10-24,61.5,3.303999900817871,87.98,110.7
2025-10-25,61.5,3.303999900817871,87.98,110.7
2025-10-26,61.5,3.303999900817871,87.98,110.7
2025-10-27,61.310001373291016,3.441999912261963,88.44,110.36
2025-10-28,60.150001525878906,3.3450000286102295,88.44,108.27
2025-10-29,60.47999954223633,3.375999927520752,88.44,108.86
2025-10-30,60.56999969482422,3.9560000896453857,88.44,109.03
2025-10-31,60.97999954223633,4.124000072479248,88.44,109.76
2025-11-01,60.97999954223633,4.124000072479248,88.44,109.76
2025-11-02,60.97999954223633,4.124000072479248,88.44,109.76
2025-11-03,61.04999923706055,4.265999794006348,88.68,109.89
2025-11-04,60.560001373291016,4.3429999351501465,88.68,109.01
2025-11-05,59.599998474121094,4.23199987411499,88.68,107.28
2025-11-06,59.43000030517578,4.35699987411499,88.68,106.97
2025-11-07,59.75,4.315000057220459,88.68,107.55
2025-11-08,59.75,4.315000057220459,88.68,107.55
2025-11-09,59.75,4.315000057220459,88.68,107.55
2025-11-10,60.130001068115234,4.3379998207092285,88.63,108.23
2025-11-11,61.040000915527344,4.565000057220459,88.63,109.87
2025-11-12,58.4900016784668,4.5329999923706055,88.63,105.28
2025-11-13,58.689998626708984,4.645999908447266,88.63,105.64
2025-11-14,60.09000015258789,4.565999984741211,88.63,108.16
2025-11-15,60.09000015258789,4.565999984741211,88.63,108.16
2025-11-16,60.09000015258789,4.565999984741211,88.63,108.16
2025-11-17,59.90999984741211,4.361000061035156,88.81,107.84
2025-11-18,60.7400016784668,4.370999813079834,88.81,109.33
2025-11-19,59.439998626708984,4.550000190734863,88.81,106.99
2025-11-20,59.13999938964844,4.473999977111816,88.81,106.45
2025-11-21,58.060001373291016,4.579999923706055,88.81,104.51
2025-11-22,58.060001373291016,4.579999923706055,88.81,104.51
2025-11-23,58.060001373291016,4.579999923706055,88.81,104.51
2025-11-24,58.84000015258789,4.548999786376953,89.29,105.91
2025-11-25,57.95000076293945,4.423999786376953,89.29,104.31
2025-11-26,58.650001525878906,4.558000087738037,89.29,105.57
2025-11-27,58.650001525878906,4.558000087738037,89.29,105.57
2025-11-28,58.54999923706055,4.849999904632568,89.29,105.39
2025-11-29,58.54999923706055,4.849999904632568,89.29,105.39
2025-11-30,58.54999923706055,4.849999904632568,89.29,105.39
2025-12-01,59.31999969482422,4.921000003814697,89.9,106.78
2025-12-02,58.63999938964844,4.840000152587891,89.9,105.55
2025-12-03,58.95000076293945,4.994999885559082,89.9,106.11
2025-12-04,59.66999816894531,5.063000202178955,89.9,107.41
2025-12-05,60.08000183105469,5.289000034332275,89.9,108.14
2025-12-06,60.08000183105469,5.289000034332275,89.9,108.14
2025-12-07,60.08000183105469,5.289000034332275,89.9,108.14
2025-12-08,58.880001068115234,4.9120001792907715,90.13,105.98
2025-12-09,58.25,4.573999881744385,90.13,104.85
2025-12-10,58.459999084472656,4.59499979019165,90.13,105.23
2025-12-11,57.599998474121094,4.230999946594238,90.13,103.68
2025-12-12,57.439998626708984,4.11299991607666,90.13,103.39
2025-12-13,57.439998626708984,4.11299991607666,90.13,103.39
2025-12-14,57.439998626708984,4.11299991607666,90.13,103.39
2025-12-15,56.81999969482422,4.01200008392334,90.41,102.28
2025-12-16,55.27000045776367,3.885999917984009,90.41,99.49
2025-12-17,55.939998626708984,4.02400016784668,90.41,100.69
2025-12-18,56.150001525878906,3.9079999923706055,90.41,101.07
2025-12-19,56.65999984741211,3.9839999675750732,90.41,101.99
2025-12-20,56.65999984741211,3.9839999675750732,90.41,101.99
2025-12-21,56.65999984741211,3.9839999675750732,90.41,101.99
2025-12-22,58.0099983215332,3.9649999141693115,89.65,104.42
2025-12-23,58.380001068115234,4.4079999923706055,89.65,105.08
2025-12-24,58.349998474121094,4.242000102996826,89.65,105.03
2025-12-25,58.349998474121094,4.242000102996826,89.65,105.03
2025-12-26,56.7400016784668,4.366000175476074,89.65,102.13
2025-12-27,56.7400016784668,4.366000175476074,89.65,102.13
2025-12-28,56.7400016784668,4.366000175476074,89.65,102.13
2025-12-29,58.08000183105469,4.686999797821045,89.95,104.54
2025-12-30,57.95000076293945,3.9719998836517334,89.95,104.31
2025-12-31,57.41999816894531,3.686000108718872,89.95,103.36
2026-01-01,57.41999816894531,3.686000108718872,89.95,103.36
2026-01-02,57.31999969482422,3.618000030517578,89.95,103.18
2026-01-03,57.31999969482422,3.618000030517578,89.95,103.18
2026-01-04,57.31999969482422,3.618000030517578,89.95,103.18
2026-01-05,58.31999969482422,3.5230000019073486,90.09,104.98
2026-01-06,57.130001068115234,3.3499999046325684,90.09,102.83
2026-01-07,55.9900016784668,3.5250000953674316,90.09,100.78
2026-01-08,57.7599983215332,3.4070000648498535,90.09,103.97
2026-01-09,59.119998931884766,3.1689999103546143,90.09,106.42
2026-01-10,59.119998931884766,3.1689999103546143,90.09,106.42
2026-01-11,59.119998931884766,3.1689999103546143,90.09,106.42
2026-01-12,59.5,3.4089999198913574,90.34,107.1
2026-01-13,61.150001525878906,3.4189999103546143,90.34,110.07
2026-01-14,62.02000045776367,3.119999885559082,90.34,111.64
2026-01-15,59.189998626708984,3.128000020980835,90.34,106.54
2026-01-16,59.439998626708984,3.1029999256134033,90.34,106.99
2026-01-17,59.439998626708984,3.1029999256134033,90.34,106.99
2026-01-18,59.439998626708984,3.1029999256134033,90.34,106.99
2026-01-19,59.439998626708984,3.1029999256134033,91.39,106.99
2026-01-20,60.34000015258789,3.9070000648498535,91.39,108.61
2026-01-21,60.619998931884766,4.875,91.39,109.12
2026-01-22,59.36000061035156,5.045000076293945,91.39,106.85
2026-01-23,61.06999969482422,5.275000095367432,91.39,109.93
2026-01-24,61.06999969482422,5.275000095367432,91.39,109.93
2026-01-25,61.06999969482422,5.275000095367432,91.39,109.93
2026-01-26,60.630001068115234,6.800000190734863,91.84,109.13
2026-01-27,62.38999938964844,6.953999996185303,91.84,112.3
2026-01-28,63.209999084472656,7.460000038146973,91.84,113.78
2026-01-29,65.41999816894531,3.9179999828338623,91.84,117.76
2026-01-30,65.20999908447266,4.354000091552734,91.84,117.38
2026-01-31,65.20999908447266,4.354000091552734,91.84,117.38
2026-02-01,65.20999908447266,4.354000091552734,91.84,117.38
2026-02-02,62.13999938964844,3.236999988555908,90.62,111.85
2026-02-03,63.209999084472656,3.311000108718872,90.62,113.78
2026-02-04,65.13999938964844,3.4649999141693115,90.62,117.25
2026-02-05,63.290000915527344,3.509000062942505,90.62,113.92
2026-02-06,63.54999923706055,3.421999931335449,90.62,114.39
2026-02-07,63.54999923706055,3.421999931335449,90.62,114.39
2026-02-08,63.54999923706055,3.421999931335449,90.62,114.39
2026-02-09,64.36000061035156,3.138000011444092,90.63,115.85
2026-02-10,63.959999084472656,3.115000009536743,90.63,115.13
2026-02-11,64.62999725341797,3.1589999198913574,90.63,116.33
2026-02-12,62.84000015258789,3.2170000076293945,90.63,113.11
2026-02-13,62.88999938964844,3.243000030517578,90.63,113.2
2026-02-14,62.88999938964844,3.243000030517578,90.63,113.2
2026-02-15,62.88999938964844,3.243000030517578,90.63,113.2
2026-02-16,62.88999938964844,3.243000030517578,90.85,113.2
2026-02-17,62.33000183105469,3.0309998989105225,90.85,112.19
2026-02-18,65.19000244140625,3.010999917984009,90.85,117.34
2026-02-19,66.43000030517578,2.996000051498413,90.85,119.57
2026-02-20,66.38999938964844,3.046999931335449,90.85,119.5
2026-02-21,66.38999938964844,3.046999931335449,90.85,119.5
2026-02-22,66.38999938964844,3.046999931335449,90.85,119.5
2026-02-23,66.38999938964844,3.046999931335449,90.9,119.5
